STREETNAMEID,STREETCATAGORY,SHAPE_LENGTH_1,NUMBER_,GLOSSARY_NAME,SPEED,TOP_IMAGE_URL,GLOBALID,PRIORITYAREA,SPATIAL_ID,STREETNAMETITLE,OBJECTID,ROADCENTERLINENAME_AR,DATEOFCONSTRUCTION,DATEOFDESIGN,INSERVICEDATE,OUTSERVICEDATE,LENGTH,WIDTH,REGION_ID,AMANA_ID,SECTOR_ID,GOVERNORATE_ID,CITY_ID,MUNICIPALITY_ID,SUBMUNICIPALITY_ID,DISTRICT_ID,DATASOURCE,CREATED_DATE,CREATED_USER,LAST_EDITED_DATE,LAST_EDITED_USER,ROADCENTERLINETYPE,VIABILITYOFINVESTMENT,SLOPE,LIFECYCLESTATUS,IMPEDANCE,CAPACITY,NOOFLANES,ROADDIRECTION,SURFACETYPE,TRAFFICVOLUME,SPEEDCLASS,PLANEDWITH,ROADCENTERLINENAME_EN,ROADCENTERLINE_ID,ROADCENTERLINESTATUS,ARABICFUNCTIONALCLASS,LIGHTED,DRAWINGNO,LEVELOFSERVICE,DATEOFLASTINSPECTION,DATEOFINSPECTION,PAVEMENTCONDITION,DRAWINGNAME,ROADNO,DIVIDED,TREE,PAVED,AREATYPE,ROADCENTERLINE_UNIFIED_ID,LENGTH_KM,FORMOFWAY,GLOSSARYID,STREETEDGEID,ROADLEVEL,AMMANAHRECVDATE,AMMANAHUPDDATE,UPDATEUSER,UPDATESTATUS,STREET_ID,PROPOSED_NAMES,SUBTYPE,ST_NUMBER_AR,ST_NUMBER_EN,MOT,ST_NUMBER,ARABICNAME,ENGLISHNAME,MAINSTANDARDQC,SUBSTANDARDQC,VERIFICATIONSTATUS,CORRECTIONSTATUS,REVIEWRESULTS,QCUSER,QCDATE,PROD_CREATIONUSER,PROD_CREATIONDATE,PROD_LASTUSER,PROD_DATEMODIFIED,STREETTEMPID,SPEEDLIMIT,DESCRIPTION,SHAPE.LEN
1007,0,0.00451433,,,,,{1E394BB8-6D04-4332-AF16-9498BC85BCDC},,113757506464,,921805,ابن مشرف,,,,,492,12,001,00101,,101,00100001,00100100,001022008,00100001063,StreetUpdate,1669026187000,SA,1717061001000,JALALKHAN,6,0,,2,,,1,2,1,,,2,Ibn Meshref,,4,,,,Normal,,,4,,,2,,1,,,,,,,,,,,,001000010000923,,,,,0,,,,,,,,,,,,,,,,,,0.00451432517096007
10184,0,0.0027876,,,,,{EFE95948-86C9-4DBA-934D-AAF6A1711EC0},,113759066630,,921921,عبدالعزيز بن رباح,,,,,286,12,001,00101,,101,00100001,00100100,001022008,00100001063,StreetUpdate,1669026187000,SA,1717061002000,JALALKHAN,6,0,,2,,,1,2,1,,,2,Abdulaziz Bin Rabah,,4,,,,Normal,,,4,,,2,,1,,,,,,,,,,,,001000010009354,,,,,0,,,,,,,,,,,,,,,,,,0.0027876038459935205
10528,0,0.00072741,,,,,{3F8BE124-89BD-420A-8317-89D1B64AE4B9},,113759445726,,922261,عبدالله بن يربوع,,,,,453,10,001,00101,,101,00100001,00100100,001022008,00100001063,StreetUpdate,1669026187000,SA,1717061006000,JALALKHAN,6,0,,2,,,1,2,1,,,1,Abdullah Bin Yarboua,,4,,,,Normal,,,4,,,2,,1,,,,,,,,,,,,001000010009663,,,,,0,,,,,,,,,,,,,,,,,,0.00441209458698492
10635,0,0.00147744,,,,,{C31DE0F0-3388-4B1F-918B-C3DFF918BC9A},,113757946534,,922374,زهر اللؤلؤ,,,,,161,12,001,00101,,101,00100001,00100100,001022008,00100001063,StreetUpdate,1669026187000,SA,1717061007000,JALALKHAN,6,0,,2,,,1,2,1,,,2,Zahr Al LoLo,,4,,,,Normal,,,4,,,2,,1,,,,,,,,,,,,001000010009768,,,,,0,,,,,,,,,,,,,,,,,,0.0014774429759979101
10688,0,0.00142858,,,,,{FF5922EB-CCBE-470C-A724-B7EB10FC99B4},,113757906216,,922427,عتيك بن قيس,,,,,156,12,001,00101,,101,00100001,00100100,001022008,00100001063,StreetUpdate,1669026187000,SA,1717061007000,JALALKHAN,6,0,,2,,,1,2,1,,,2,Ateek Bin Qais,,4,,,,Normal,,,4,,,2,,1,,,,,,,,,,,,001000010009816,,,,,0,,,,,,,,,,,,,,,,,,0.00142858499052584
107,0,0.0031761,,,,,{02A75EF0-A16A-49A2-AD1B-820053FABBB1},,113754606110,,922438,إبراهيم الحديثي,,,,,346,20,001,00101,,101,00100001,00100100,001022008,00100001063,StreetUpdate,1669026187000,SA,1717061008000,JALALKHAN,6,0,,2,,,1,2,1,,,2,Ibrahim Al Hedeithi,,4,,,,Normal,,,4,,,2,,1,,,,,,,,,,,,001000010000098,,,,,0,,,,,,,,,,,,,,,,,,0.0031760974467662
10729,0,0.0013198,,,,,{07DE30D1-251A-497C-B3DA-6CC766B57776},,113758446432,,922471,عثمان بن عوف,,,,,144,12,001,00101,,101,00100001,00100100,001022008,00100001063,StreetUpdate,1669026187000,SA,1717061008000,JALALKHAN,6,0,,2,,,1,2,1,,,2,Othman Bin Owf,,4,,,,Normal,,,4,,,2,,1,,,,,,,,,,,,001000010009855,,,,,0,,,,,,,,,,,,,,,,,,0.0013197971940757999
10748,0,0.00259489,,,,,{9ECCFDEE-DFDB-4560-8578-FEA4B54A3715},,113756985790,,922491,عدي بن الربيع,,,,,266,12,001,00101,,101,00100001,00100100,001022008,00100001063,StreetUpdate,1669026187000,SA,1717061008000,JALALKHAN,5,0,,2,,,1,2,1,,,1,Adi Bin Al Rabie,,4,,,,Normal,,,4,,,2,,1,,,,,,,,,,,,001000010009873,,,,,0,,,,,,,,,,,,,,,,,,0.0025948865494483
10919,0,0.00451689,,,,,{1C772CC7-0BE8-4518-92B0-2A5B1FBFD695},,113756305674,,922658,علي الظفري,,,,,492,20,001,00101,,101,00100001,00100100,001022008,00100001063,StreetUpdate,1669026187000,SA,1717061010000,JALALKHAN,6,0,,2,,,1,2,1,,,1,Ali Al Thafri,,4,,,,Normal,,,4,,,2,,1,,,,,,,,,,,,001000010010022,,,,,0,,,,,,,,,,,,,,,,,,0.0045168858657788705
11049,0,0.00314188,,,,,{040F7CC2-BD72-426D-97E2-573326F67AEB},,113756466158,,922791,علي بن هارون,,,,,342,20,001,00101,,101,00100001,00100100,001022008,00100001063,StreetUpdate,1669026187000,SA,1717061013000,JALALKHAN,6,0,,2,,,1,2,1,,,2,Ali Bin Haroun,,4,,,,Normal,,,4,,,2,,1,,,,,,,,,,,,001000010010142,,,,,0,,,,,,,,,,,,,,,,,,0.0031418788363074004
11125,0,0.00107491,,,,,{5DC31F3A-A3D0-4AC1-84F8-03C9209C5113},,113758965816,,922868,عمر بن العديم,,,,,117,10,001,00101,,101,00100001,00100100,001022008,00100001063,StreetUpdate,1669026187000,SA,1717061014000,JALALKHAN,6,0,,2,,,1,2,1,,,1,Omar Bin Al Adim,,4,,,,Normal,,,4,,,2,,1,,,,,,,,,,,,001000010010217,,,,,0,,,,,,,,,,,,,,,,,,0.0010749098162677801
1114,0,0.00116238,,,,,{3CD8B1E6-127F-4FA4-ADD2-EE1798AB3BEE},,113760045794,,922881,أبي إبراهيم المقدسي,,,,,119,10,001,00101,,101,00100001,00100100,001022008,00100001063,StreetUpdate,1669026187000,SA,1717061014000,JALALKHAN,6,0,,2,,,1,2,1,,,1,Abi Ibrahim Al Moqaddasi,,4,,,,Normal,,,4,,,2,,1,,,,,,,,,,,,001000010001020,,,,,0,,,,,,,,,,,,,,,,,,0.00116238337135573
11219,0,0.00076821,,,,,{CC480812-21AD-48F9-AD03-34AAC4C55ACB},,113756606216,,922960,عمرو بن نصر,,,,,156,15,001,00101,,101,00100001,00100100,001022008,00100001063,StreetUpdate,1669026187000,SA,1717061015000,JALALKHAN,6,0,,2,,,1,2,1,,,2,Amr Bin Nasr,,4,,,,Normal,,,4,,,2,,1,,,,,,,,,,,,001000010010299,,,,,0,,,,,,,,,,,,,,,,,,0.0015156597885557
11290,0,0.00116889,,,,,{6ADF570A-E89D-49D3-909A-37B3D213D551},,113758586398,,923031,عيسى بن عبدالكريم,,,,,120,12,001,00101,,101,00100001,00100100,001022008,00100001063,StreetUpdate,1669026187000,SA,1717061016000,JALALKHAN,6,0,,2,,,1,2,1,,,2,Issa Bin Abdulkareem,,4,,,,Normal,,,4,,,2,,1,,,,,,,,,,,,001000010010364,,,,,0,,,,,,,,,,,,,,,,,,0.00116888647925573
11937,0,0.00186017,,,,,{9D6B3C99-EA2C-4E11-AC4A-E46C4B0E7AC3},,113757385662,,923688,محمد الربعي,,,,,191,15,001,00101,,101,00100001,00100100,001022008,00100001063,StreetUpdate,1669026187000,SA,1717061023000,JALALKHAN,6,0,,2,,,1,2,1,,,1,Mohammed Al Robee,,4,,,,Normal,,,4,,,2,,1,,,,,,,,,,,,001000010010958,,,,,0,,,,,,,,,,,,,,,,,,0.0018601725316620703
12061,0,0.00093398,,,,,{70BE8AB7-1CBC-4AA1-BA01-1D9127DD7447},,113762625812,,923818,محمد بن أحمد الأموي,,,,,102,10,001,00101,,101,00100001,00100100,001022008,00100001063,StreetUpdate,1669026187000,SA,1717061027000,JALALKHAN,6,0,,2,,,1,2,1,,,1,Mohammed Bin Ahmad Al Amawy,,4,,,,Normal,,,4,,,2,,1,,,,,,,,,,,,001000010011074,,,,,0,,,,,,,,,,,,,,,,,,0.0009339750229299501
12163,0,0.00013617,,,,,{59421072-CB4A-450A-B569-4629E302F84D},,113753506200,,923911,محمد بن يسار,,,,,1359,30,001,00101,,101,00100001,00100100,001022008,00100001063,StreetUpdate,1669026187000,SA,1717061028000,JALALKHAN,4,0,,2,,,6,1,1,,,2,Mohammed Bin Yasar,,3,,,,Normal,,,,,,2,,1,,,,,,,,,,,,001000010011160,,,,,0,,,,,,,,,,,,,,,,,,0.0131293193252044
12274,0,0.00271529,,,,,{D62EC392-6E98-4A67-A817-21A9E3805621},,113758026354,,924016,مروان بن سليمان,,,,,399,12,001,00101,,101,00100001,00100100,001022008,00100001063,StreetUpdate,1669026187000,SA,1717061029000,JALALKHAN,6,0,,2,,,1,2,1,,,2,Marwan Bin Soliman,,4,,,,Normal,,,4,,,2,,1,,,,,,,,,,,,001000010011257,,,,,0,,,,,,,,,,,,,,,,,,0.00388420366647661
1236,0,0.00348717,,,,,{5675595E-33D1-4BF9-AF03-AE60D77E6CDC},,113751766226,,924101,أبي الحسن السلمي,,,,,380,20,001,00101,,101,00100001,00100100,001022008,00100001063,StreetUpdate,1669026187000,SA,1717061029000,JALALKHAN,6,0,,2,,,1,2,1,,,2,Abi Al-Hasan As-Salmi,,4,,,,Normal,,,4,,,2,,1,,,,,,,,,,,,001000010001134,,,,,0,,,,,,,,,,,,,,,,,,0.00348716734774705
12526,0,0.00363957,,,,,{4A5771FE-870C-4A6A-8D93-EB67666BE170},,113760925768,,924271,منية,,,,,396,20,001,00101,,101,00100001,00100100,001022008,00100001063,StreetUpdate,1669026187000,SA,1717061031000,JALALKHAN,5,0,,2,,,1,2,1,,,1,Monia,,4,,,,Normal,,,4,,,2,,1,,,,,,,,,,,,001000010011490,,,,,0,,,,,,,,,,,,,,,,,,0.00363956959251816
1270,0,0.00354718,,,,,{B0E394FF-93CE-4509-932B-33431EA8E505},,113753405938,,924447,أبي الحسن بن المبارك,,,,,911,20,001,00101,,101,00100001,00100100,001022008,00100001063,StreetUpdate,1669026187000,SA,1717061033000,JALALKHAN,6,0,,2,,,1,2,1,,,2,Abi Al-Hasan Bin Mubarak,,4,,,,Normal,,,4,,,2,,1,,,,,,,,,,,,001000010001165,,,,,0,,,,,,,,,,,,,,,,,,0.0086687690145622
12916,0,0.00207891,,,,,{D7E4C9BA-15A8-4E3D-811F-EAFD4F35E3BB},,113753666360,,924670,وادي ذي الرمث,,,,,226,15,001,00101,,101,00100001,00100100,001022008,00100001063,StreetUpdate,1669026187000,SA,1717061035000,JALALKHAN,6,0,,2,,,1,2,1,,,2,Thi Al Ramath Valley,,4,,,,Normal,,,4,,,2,,1,,,,,,,,,,,,001000010011850,,,,,0,,,,,,,,,,,,,,,,,,0.00207891170410722
12982,0,0.0023062,,,,,{6EA8DE78-0A7C-4566-A7C6-BEE7ACCC53F7},,113752546200,,924738,وجدة,,,,,237,15,001,00101,,101,00100001,00100100,001022008,00100001063,StreetUpdate,1669026187000,SA,1717061036000,JALALKHAN,6,0,,2,,,1,2,1,,,2,Wajda,,4,,,,Normal,,,4,,,2,,1,,,,,,,,,,,,001000010011912,,,,,0,,,,,,,,,,,,,,,,,,0.00230619591859517
13008,0,0.00314149,,,,,{BBC7C2C1-09E0-45DD-8787-A1F04EDBA86B},,113760926308,,924765,يافا,,,,,342,12,001,00101,,101,00100001,00100100,001022008,00100001063,StreetUpdate,1669026187000,SA,1717061037000,JALALKHAN,6,0,,2,,,1,2,1,,,1,Yafa,,4,,,,Normal,,,4,,,2,,1,,,,,,,,,,,,001000010011937,,,,,0,,,,,,,,,,,,,,,,,,0.0031414945108756503
13123,0,0.00101005,,,,,{F00E645D-DA91-495D-A623-8E36EC373FBF},,113759986446,,924878,يعقوب بن شرف الدين,,,,,104,12,001,00101,,101,00100001,00100100,001022008,00100001063,StreetUpdate,1669026187000,SA,1717061039000,JALALKHAN,6,0,,2,,,1,2,1,,,1,Yaqub Bin Sharafuddin,,4,,,,Normal,,,4,,,2,,1,,,,,,,,,,,,001000010012038,,,,,0,,,,,,,,,,,,,,,,,,0.00101005476444498
13166,0,0.00174152,,,,,{8F3A2688-E816-48F4-A8D0-053CE2FD0968},,113760226328,,924923,يوسف بن أبي إسحاق,,,,,690,10,001,00101,,101,00100001,00100100,001022008,00100001063,StreetUpdate,1669026187000,SA,1717061039000,JALALKHAN,6,0,,2,,,1,2,1,,,1,Youssef Bin Abi Ishaq,,4,,,,Normal,,,4,,,2,,1,,,,,,,,,,,,001000010012080,,,,,0,,,,,,,,,,,,,,,,,,0.006338022927030821
1390,0,0.00142461,,,,,{EED6F951-8501-49E6-9A23-3E6F8591960F},,113758666150,,925639,أبي العباس الأصبهاني,,,,,155,12,001,00101,,101,00100001,00100100,001022008,00100001063,StreetUpdate,1669026187000,SA,1717061047000,JALALKHAN,6,0,,2,,,1,2,1,,,2,Abi Al Abbas Al Asbahani,,4,,,,Normal,,,4,,,2,,1,,,,,,,,,,,,001000010001273,,,,,0,,,,,,,,,,,,,,,,,,0.00142460989655028
1412,0,0.00364388,,,,,{2D98086B-BB33-4A13-98AC-0CF3AECE0A80},,113753385842,,925862,أبي العباس اللخمي,,,,,676,20,001,00101,,101,00100001,00100100,001022008,00100001063,StreetUpdate,1669026187000,SA,1717061051000,JALALKHAN,6,0,,2,,,1,2,1,,,2,Abi Al Abbas Al Lakhmi,,4,,,,Normal,,,4,,,2,,1,,,,,,,,,,,,001000010001293,,,,,0,,,,,,,,,,,,,,,,,,0.0064317905743432905
146,0,0.00569056,,,,,{517AB553-B68B-4C56-93FB-6361AF2704C7},,113756945524,,926357,إبراهيم العجاجي,,,,,807,20,001,00101,,101,00100001,00100100,001022008,00100001063,StreetUpdate,1669026187000,SA,1717061057000,JALALKHAN,5,0,,2,,,1,2,1,,,1,Ibrahim Al Ajaji,,4,,,,Normal,,,4,,,2,,1,,,,,,,,,,,,001000010000135,,,,,0,,,,,,,,,,,,,,,,,,0.007856934014600879
1496,0,0.00097935,,,,,{5E279778-205A-4244-BD27-FD801966CD8C},,113760346346,,926725,أبي الفتح المبارك,,,,,107,12,001,00101,,101,00100001,00100100,001022008,00100001063,StreetUpdate,1669026187000,SA,1717061060000,JALALKHAN,6,0,,2,,,1,2,1,,,2,Abi Al Fateh Al Mubarak,,4,,,,Normal,,,4,,,2,,1,,,,,,,,,,,,001000010001366,,,,,0,,,,,,,,,,,,,,,,,,0.00097934508400308
16003,0,0.00175074,,,,,{6A753E93-53A9-4A90-9C2D-5CF5F3432AC0},,113756245686,,927723,جبل خليفة,,,,,180,20,001,00101,,101,00100001,00100100,001022008,00100001063,StreetUpdate,1669026187000,SA,1717061072000,JALALKHAN,6,0,,2,,,1,2,1,,,1,Khalifa Mountain,,4,,,,Normal,,,4,,,2,,1,,,,,,,,,,,,001000010014612,,,,,0,,,,,,,,,,,,,,,,,,0.0017507351874923901
1607,0,0.00304512,,,,,{4FB19963-D5D2-4A32-9573-1F45EEC67EC5},,113756845874,,927782,أبي القاسم الحربي,,,,,332,15,001,00101,,101,00100001,00100100,001022008,00100001063,StreetUpdate,1669026187000,SA,1717061074000,JALALKHAN,5,0,,2,,,1,2,1,,,1,Abi Al Qassem Al Harbi,,4,,,,Normal,,,4,,,2,,1,,,,,,,,,,,,001000010001469,,,,,0,,,,,,,,,,,,,,,,,,0.00304511545711154
1709,0,0.00315437,,,,,{22447DF7-86BD-4C0E-907B-598C21246301},,113757945658,,928733,أبي المظفر بن محمد,,,,,343,12,001,00101,,101,00100001,00100100,001022008,00100001063,StreetUpdate,1669026187000,SA,1717061084000,JALALKHAN,5,0,,2,,,1,2,1,,,1,Abi Al Mothfer Ibn Mohammed,,4,,,,Normal,,,4,,,2,,1,,,,,,,,,,,,001000010001564,,,,,0,,,,,,,,,,,,,,,,,,0.00315436757745276
1715,0,0.00270187,,,,,{17CA2599-471D-48A4-B406-819B973EFF11},,113753706296,,928790,أبي المعالي الجيلي,,,,,294,15,001,00101,,101,00100001,00100100,001022008,00100001063,StreetUpdate,1669026187000,SA,1717061086000,JALALKHAN,6,0,,2,,,1,2,1,,,2,Abi Al Maali Al Jili,,4,,,,Normal,,,4,,,2,,1,,,,,,,,,,,,001000010001570,,,,,0,,,,,,,,,,,,,,,,,,0.0027018688681877197
1751,0,0.00090453,,,,,{364CFF74-7895-4DED-93BC-63AB51B5945B},,113755306176,,929020,أبي المنصور,,,,,381,15,001,00101,,101,00100001,00100100,001022008,00100001063,StreetUpdate,1669026187000,SA,1717061088000,JALALKHAN,6,0,,2,,,1,2,1,,,2,Abi Al Mansour,,4,,,,Normal,,,4,,,2,,1,,,,,,,,,,,,001000010001602,,,,,0,,,,,,,,,,,,,,,,,,0.00350099104374203
1792,0,0.00507769,,,,,{91959E30-DAE4-4D11-8281-92C87D8050E3},,113755825668,,929317,أبي أمامة الليثي,,,,,553,20,001,00101,,101,00100001,00100100,001022008,00100001063,StreetUpdate,1669026187000,SA,1717061092000,JALALKHAN,6,0,,2,,,1,2,1,,,1,Abi Emama Al Leithi,,4,,,,Normal,,,4,,,2,,1,,,,,,,,,,,,001000010001640,,,,,0,,,,,,,,,,,,,,,,,,0.005077686233594321
18025,0,0.00263301,,,,,{D8132BF1-F1F9-4A43-8B28-EBA4A68AFCA4},,113755986358,,929403,آل سعيد,,,,,450,15,001,00101,,101,00100001,00100100,001022008,00100001063,StreetUpdate,1669026187000,SA,1717061092000,JALALKHAN,6,0,,2,,,1,2,1,,,2,Al Saeed,,4,,,,Normal,,,4,,,2,,1,,,,,,,,,,,,001000010016092,,,,,0,,,,,,,,,,,,,,,,,,0.00413150213494924
18026,0,0.00323673,,,,,{75D05F54-7507-4E17-AF3B-252898B859A5},,113754925888,,929404,الشيخ محمد بن حسين,,,,,340,20,001,00101,,101,00100001,00100100,001022008,00100001063,StreetUpdate,1669026187000,SA,1717061092000,JALALKHAN,6,0,,2,,,1,2,1,,,2,Shaikh Mohammed Ibn Hussein,,4,,,,Normal,,,4,,,2,,1,,,,,,,,,,,,001000010016093,,,,,0,,,,,,,,,,,,,,,,,,0.00323672680995251
1805,0,0.00216241,,,,,{C31BB613-3A01-41E5-A270-634EB2350E06},,113754665692,,929428,أبي بشير,,,,,222,20,001,00101,,101,00100001,00100100,001022008,00100001063,StreetUpdate,1669026187000,SA,1717061093000,JALALKHAN,6,0,,2,,,1,2,1,,,1,Abi Bashir,,4,,,,Normal,,,4,,,2,,1,,,,,,,,,,,,001000010001652,,,,,0,,,,,,,,,,,,,,,,,,0.00216240801509635
1817,0,0.00097037,,,,,{7F7BD2A0-DCB9-41B2-BDE7-9A505BF916F6},,113759526484,,929475,أبي بكر الجلال,,,,,203,12,001,00101,,101,00100001,00100100,001022008,00100001063,StreetUpdate,1669026187000,SA,1717061093000,JALALKHAN,6,0,,2,,,1,2,1,,,2,Abi Bakr Al Jalal,,4,,,,Normal,,,4,,,2,,1,,,,,,,,,,,,001000010001662,,,,,0,,,,,,,,,,,,,,,,,,0.00197557793219038
1841,0,0.00184194,,,,,{7B707C27-FF71-4BDF-9C9F-BA706165D3E0},,113755405572,,929658,أبي بكر العطار,,,,,420,20,001,00101,,101,00100001,00100100,001022008,00100001063,StreetUpdate,1669026187000,SA,1717061095000,JALALKHAN,6,0,,2,,,1,2,1,,,1,Abi Bakr Al Attar,,4,,,,Normal,,,4,,,2,,1,,,,,,,,,,,,001000010001682,,,,,0,,,,,,,,,,,,,,,,,,0.00385318466625785
1936,0,0.00384733,,,,,{87DB306D-B5C3-4B03-A010-7B9862D2B48B},,113755065550,,930289,أبي حميدان,,,,,419,20,001,00101,,101,00100001,00100100,001022008,00100001063,StreetUpdate,1669026187000,SA,1717061103000,JALALKHAN,6,0,,2,,,1,2,1,,,1,Abi Hemeidan,,4,,,,Normal,,,4,,,2,,1,,,,,,,,,,,,001000010001770,,,,,0,,,,,,,,,,,,,,,,,,0.00384732876548419
19811,0,0.00126031,,,,,{8F3371A5-AA92-4011-8644-F322824F5DA3},,113755966276,,930683,دخنة,,,,,129,15,001,00101,,101,00100001,00100100,001022008,00100001063,StreetUpdate,1669026187000,SA,1717061107000,JALALKHAN,6,0,,2,,,1,2,1,,,2,Dokhna,,4,,,,Normal,,,4,,,2,,1,,,,,,,,,,,,001000010017195,,,,,0,,,,,,,,,,,,,,,,,,0.0012603148210967
2050,0,0.00103848,,,,,{A07D2998-F5C0-41E3-A2C9-BE6B8D05FDBD},,113757365694,,931367,أبي صقرة,,,,,113,10,001,00101,,101,00100001,00100100,001022008,00100001063,StreetUpdate,1669026187000,SA,1717061116000,JALALKHAN,6,0,,2,,,1,2,1,,,1,Abi Saqra,,4,,,,Normal,,,4,,,2,,1,,,,,,,,,,,,001000010001874,,,,,0,,,,,,,,,,,,,,,,,,0.00103847808466852
2083,0,0.0013778,,,,,{DE023CC5-CEB1-40E3-B6A9-57DD0EA0CF24},,113758645802,,931711,أبي عامر بن الفرج,,,,,141,10,001,00101,,101,00100001,00100100,001022008,00100001063,StreetUpdate,1669026187000,SA,1717061120000,JALALKHAN,6,0,,2,,,1,2,1,,,1,Abi Amer Ibn Al Faraj,,4,,,,Normal,,,4,,,2,,1,,,,,,,,,,,,001000010001903,,,,,0,,,,,,,,,,,,,,,,,,0.00137779548696387
21461,0,0.00125966,,,,,{93DD25A9-454F-462C-BD27-468BA8BBBBA5},,113759665764,,932381,عذبة,,,,,431,10,001,00101,,101,00100001,00100100,001022008,00100001063,StreetUpdate,1669026187000,SA,1717061130000,JALALKHAN,6,0,,2,,,1,2,1,,,1,Azba,,4,,,,Normal,,,4,,,2,,1,,,,,,,,,,,,001000010018726,,,,,0,,,,,,,,,,,,,,,,,,0.003954758353052789
2172,0,0.00118157,,,,,{9C875A20-8686-4E90-99F2-BEF9513EB29A},,113759605846,,932661,أبي علي الغالي,,,,,121,10,001,00101,,101,00100001,00100100,001022008,00100001063,StreetUpdate,1669026187000,SA,1717061133000,JALALKHAN,6,0,,2,,,1,2,1,,,1,Abi Ali Al Ghali,,4,,,,Normal,,,4,,,2,,1,,,,,,,,,,,,001000010001983,,,,,0,,,,,,,,,,,,,,,,,,0.00118157131112851
2230,0,0.00230505,,,,,{DFE3C6C4-78E0-4B59-A752-57EDE30DD6C9},,113752386234,,933260,أبي محمد التركي,,,,,237,20,001,00101,,101,00100001,00100100,001022008,00100001063,StreetUpdate,1669026187000,SA,1717061141000,JALALKHAN,6,0,,2,,,1,2,1,,,2,Abi Mohammed Al Turki,,4,,,,Normal,,,4,,,2,,1,,,,,,,,,,,,001000010002035,,,,,0,,,,,,,,,,,,,,,,,,0.00230505045505321
2276,0,0.00108849,,,,,{1EFCBAC9-2D34-4F04-862A-DB505B158B91},,113755766060,,933726,أبي محمد بن سفيان,,,,,118,15,001,00101,,101,00100001,00100100,001022008,00100001063,StreetUpdate,1669026187000,SA,1717061145000,JALALKHAN,6,0,,2,,,1,2,1,,,2,Abi Mohammed Ibn Sofian,,4,,,,Normal,,,4,,,2,,1,,,,,,,,,,,,001000010002077,,,,,0,,,,,,,,,,,,,,,,,,0.0010884893012970802
2320,0,0.00095593,,,,,{FBB18D30-A414-4002-B349-432F4F0FD420},,113759166276,,934181,أبي منصور بن محاوش,,,,,104,12,001,00101,,101,00100001,00100100,001022008,00100001063,StreetUpdate,1669026187000,SA,1717061152000,JALALKHAN,6,0,,2,,,1,2,1,,,2,Abi Mansour Ibn Makhawesh,,4,,,,Normal,,,4,,,2,,1,,,,,,,,,,,,001000010002116,,,,,0,,,,,,,,,,,,,,,,,,0.0009559305009918481
2339,0,0.00101249,,,,,{74A5F8BE-9A41-447E-B5AD-1CD72218BAD8},,113758166164,,934364,أبي نصر الضرير,,,,,283,10,001,00101,,101,00100001,00100100,001022008,00100001063,StreetUpdate,1669026187000,SA,1717061154000,JALALKHAN,6,0,,2,,,1,2,1,,,2,Abi Nasr Al Dharir,,4,,,,Normal,,,4,,,2,,1,,,,,,,,,,,,001000010002134,,,,,0,,,,,,,,,,,,,,,,,,0.0027531257449643
2404,0,0.00174095,,,,,{5AC0B10C-0255-4192-8FE3-346066914098},,113755765784,,935027,أحمد البرلسي,,,,,179,20,001,00101,,101,00100001,00100100,001022008,00100001063,StreetUpdate,1669026187000,SA,1717061162000,JALALKHAN,6,0,,2,,,1,2,1,,,1,Ahmad Al Barlasi,,4,,,,Normal,,,4,,,2,,1,,,,,,,,,,,,001000010002193,,,,,0,,,,,,,,,,,,,,,,,,0.0017409508672245702
2462,0,0.00244337,,,,,{9914EFBE-8ADD-4325-ADC0-EF3290540D98},,113754765652,,935613,أحمد العامري,,,,,251,20,001,00101,,101,00100001,00100100,001022008,00100001063,StreetUpdate,1669026187000,SA,1717061168000,JALALKHAN,6,0,,2,,,1,2,1,,,1,Ahmad Al Ameri,,4,,,,Normal,,,4,,,2,,1,,,,,,,,,,,,001000010002249,,,,,0,,,,,,,,,,,,,,,,,,0.00244336773407431
2762,0,0.0025843,,,,,{1F472805-E64F-41B2-B004-D89AC08008BB},,113761405822,,938377,أسفل الباطن,,,,,265,8,001,00101,,101,00100001,00100100,001022008,00100001063,StreetUpdate,1669026187000,SA,1717061202000,JALALKHAN,6,0,,2,,,1,2,1,,,1,Asfal Al Baten,,4,,,,Normal,,,4,,,2,,1,,,,,,,,,,,,001000010002532,,,,,0,,,,,,,,,,,,,,,,,,0.00258430044726914
27938,0,0.00984767,,,,,{C28E6846-EF1E-41AB-B5EA-E9CDD788C2EA},,113759026376,,938682,الشيخ عمر بن حسن,,,,,1072,20,001,00101,,101,00100001,00100100,001022008,00100001063,StreetUpdate,1669026187000,SA,1717061205000,JALALKHAN,5,0,,2,,,1,2,1,,,2,Shaikh Omar Ibn Hassan,,4,,,,Normal,,,4,,,2,,1,,,,,,,,,,,,001000010024434,,,,,0,,,,,,,,,,,,,,,,,,0.009847669153165371
2814,0,0.00312852,,,,,{7B9DDE0D-2238-4D62-A938-87C3429439DA},,113758746206,,938872,إسماعيل بن الحصين,,,,,341,12,001,00101,,101,00100001,00100100,001022008,00100001063,StreetUpdate,1669026187000,SA,1717061209000,JALALKHAN,6,0,,2,,,1,2,1,,,2,Esmail Bin Al Hosain,,4,,,,Normal,,,4,,,2,,1,,,,,,,,,,,,001000010002579,,,,,0,,,,,,,,,,,,,,,,,,0.00312852155618884
2957,0,0.00262192,,,,,{6FC38D39-85D3-4487-BB86-E5BC28E4BDED},,113756485892,,939888,الأرطاوي,,,,,269,15,001,00101,,101,00100001,00100100,001022008,00100001063,StreetUpdate,1669026187000,SA,1717061221000,JALALKHAN,6,0,,2,,,1,2,1,,,1,Al Artavi,,4,,,,Normal,,,4,,,2,,1,,,,,,,,,,,,001000010002712,,,,,0,,,,,,,,,,,,,,,,,,0.0026219230415218003
30114,0,0.00117731,,,,,{2E4992DD-081A-477D-B802-89D8297C92E7},,113758126498,,940156,أبحر,,,,,121,15,001,00101,,101,00100001,00100100,001022008,00100001063,StreetUpdate,1669026187000,SA,1717061224000,JALALKHAN,6,0,,2,,,1,2,1,,,2,Ubhur,,4,,,,Normal,,,4,,,2,,1,,,,,,,,,,,,001000010025675,,,,,0,,,,,,,,,,,,,,,,,,0.00117731116058363
3099,0,0.0046675,,,,,{C7571934-D6A7-4042-9230-7ECFB3C8A84B},,113758846348,,941039,الأمير حمود بن عبدالعزيز,,,,,843,20,001,00101,,101,00100001,00100100,001022008,00100001063,StreetUpdate,1669026187000,SA,1717061236000,JALALKHAN,5,0,,2,,,1,2,1,,,2,Prince Homoud Bin Abdul Aziz,,4,,,,Normal,,,4,,,2,,1,,,,,,,,,,,,001000010002844,,,,,0,,,,,,,,,,,,,,,,,,0.008211425244275771
3119,0,0.00984696,,,,,{E655EE42-4DFC-4488-8232-61D9DF860EAF},,113757786500,,941220,الأمير عبدالإله بن عبدالعزيز,,,,,1713,20,001,00101,,101,00100001,00100100,001022008,00100001063,StreetUpdate,1669026187000,SA,1717061238000,JALALKHAN,4,0,,2,,,6,1,1,,,2,Abdulelah Ibn Abdulaziz,,3,,,,Normal,,,,,,2,,1,,,,,,,,,,,,001000010002864,,,,,0,,,,,,,,,,,,,,,,,,0.0157360656179193
31700,0,0.0008386,,,,,{1DA0DDE5-C1DD-43E5-90FB-25217893A0F2},,113758105674,,941697,محمد آل قاسم,,,,,86,10,001,00101,,101,00100001,00100100,001022008,00100001063,StreetUpdate,1669026187000,SA,1717061242000,JALALKHAN,6,0,,2,,,1,2,1,,,1,Mohammed Al Qasim,,4,,,,Normal,,,4,,,2,,1,,,,,,,,,,,,001000010027068,,,,,0,,,,,,,,,,,,,,,,,,0.000838600027560142
3225,0,0.00126686,,,,,{760A73FA-FB13-48DB-9F0E-F3A8D0673443},,113752646080,,941949,البادرية,,,,,130,15,001,00101,,101,00100001,00100100,001022008,00100001063,StreetUpdate,1669026187000,SA,1717061246000,JALALKHAN,6,0,,2,,,1,2,1,,,2,Al Baderia,,4,,,,Normal,,,4,,,2,,1,,,,,,,,,,,,001000010002963,,,,,0,,,,,,,,,,,,,,,,,,0.0012668636754766
33392,0,0.00339478,,,,,{23C84FE4-A5C9-4C05-8D43-A5E0BF176B7C},,113752846034,,942702,فرسان,,,,,616,30,001,00101,,101,00100001,00100100,001022008,00100001063,StreetUpdate,1669026187000,SA,1717061254000,JALALKHAN,5,0,,2,,,1,2,1,,,2,Farsan,,4,,,,Normal,,,4,,,2,,1,,,,,,,,,,,,001000010027907,,,,,0,,,,,,,,,,,,,,,,,,0.0059064633683626805
33401,0,0.00354323,,,,,{4F168FFE-E849-416B-B34F-FAB5A74C5497},,113760106364,,942710,ابن حزم,,,,,364,12,001,00101,,101,00100001,00100100,001022008,00100001063,StreetUpdate,1669026187000,SA,1717061254000,JALALKHAN,6,0,,2,,,1,2,1,,,2,Ibn-Hazam,,4,,,,Normal,,,4,,,2,,1,,,,,,,,,,,,001000010027913,,,,,0,,,,,,,,,,,,,,,,,,0.00354322898441136
33985,0,0.00311478,,,,,{D2C4A752-4015-4046-8264-25F66EAD31A4},,113759986264,,942921,أبي هلال العسكري,,,,,339,12,001,00101,,101,00100001,00100100,001022008,00100001063,StreetUpdate,1669026187000,SA,1717061258000,JALALKHAN,6,0,,2,,,1,2,1,,,1,Abi Hilal Al Askari,,4,,,,Normal,,,4,,,2,,1,,,,,,,,,,,,001000010028063,,,,,0,,,,,,,,,,,,,,,,,,0.0031147817403820405
34258,0,0.00097247,,,,,{84A0C75F-C1F8-4E11-8074-89325BFE7B14},,113758206144,,943154,الصبيحي,,,,,100,12,001,00101,,101,00100001,00100100,001022008,00100001063,StreetUpdate,1669026187000,SA,1717061260000,JALALKHAN,6,0,,2,,,1,2,1,,,2,Al Sabihi,,4,,,,Normal,,,4,,,2,,1,,,,,,,,,,,,001000010028267,,,,,0,,,,,,,,,,,,,,,,,,0.0009724738973427511
34381,0,0.0010809,,,,,{28639EE7-55C4-4638-AEE5-2345048CBF0A},,113761825952,,943266,الباب,,,,,118,8,001,00101,,101,00100001,00100100,001022008,00100001063,StreetUpdate,1669026187000,SA,1717061262000,JALALKHAN,6,0,,2,,,1,2,1,,,1,Al Bab,,4,,,,Normal,,,4,,,2,,1,,,,,,,,,,,,001000010028368,,,,,0,,,,,,,,,,,,,,,,,,0.00108089964616564
34673,0,0.0017892,,,,,{33B78254-F926-4995-949A-85B98E1B3F02},,113759105656,,943511,سعد بن الربيع,,,,,184,10,001,00101,,101,00100001,00100100,001022008,00100001063,StreetUpdate,1669026187000,SA,1717061264000,JALALKHAN,6,0,,2,,,1,2,1,,,1,Saad Bin Rabie,,4,,,,Normal,,,4,,,2,,1,,,,,,,,,,,,001000010028582,,,,,0,,,,,,,,,,,,,,,,,,0.00178919987109155
34890,0,0.0030588,,,,,{EC269F63-1633-4D72-9B77-1D0654E14C9C},,113756165934,,943716,عبدالله البيهقي,,,,,314,15,001,00101,,101,00100001,00100100,001022008,00100001063,StreetUpdate,1669026187000,SA,1717061267000,JALALKHAN,5,0,,2,,,1,2,1,,,2,Abdullah Al Baihaqe,,4,,,,Normal,,,4,,,2,,1,,,,,,,,,,,,001000010028769,,,,,0,,,,,,,,,,,,,,,,,,0.00305879543024882
35,0,0.0103272,,,,,{8B1A8B86-2009-4D2B-9E48-817457AF53E3},,113756445748,,943820,آل سرحان,,,,,1113,20,001,00101,,101,00100001,00100100,001022008,00100001063,StreetUpdate,1669026187000,SA,1717061269000,JALALKHAN,5,0,,2,,,1,2,1,,,1,Al Sarhan,,4,,,,Normal,,,4,,,2,,1,,,,,,,,,,,,001000010000029,,,,,0,,,,,,,,,,,,,,,,,,0.010327200728614
35022,0,0.00138737,,,,,{1E7C6F6D-FE49-49E5-86C9-44E424F2F762},,113752965926,,943845,عنابه,,,,,147,20,001,00101,,101,00100001,00100100,001022008,00100001063,StreetUpdate,1669026187000,SA,1717061270000,JALALKHAN,6,0,,2,,,1,2,1,,,2,Enaba,,4,,,,Normal,,,4,,,2,,1,,,,,,,,,,,,001000010028884,,,,,0,,,,,,,,,,,,,,,,,,0.0013873651154346501
35050,0,0.00161975,,,,,{AD51DD5D-D8EC-485F-B0B9-51833C882FC0},,113760345802,,943872,طريف,,,,,176,12,001,00101,,101,00100001,00100100,001022008,00100001063,StreetUpdate,1669026187000,SA,1717061270000,JALALKHAN,6,0,,2,,,1,2,1,,,1,Taraif,,4,,,,Normal,,,4,,,2,,1,,,,,,,,,,,,001000010028908,,,,,0,,,,,,,,,,,,,,,,,,0.0016197507884869
35145,0,0.00186429,,,,,{6C6D2C7B-6220-450C-ADEA-48431755737A},,113757545628,,943955,ابن أبي بدر,,,,,191,15,001,00101,,101,00100001,00100100,001022008,00100001063,StreetUpdate,1669026187000,SA,1717061271000,JALALKHAN,6,0,,2,,,1,2,1,,,1,Ibn Abi Badr,,4,,,,Normal,,,4,,,2,,1,,,,,,,,,,,,001000010028982,,,,,0,,,,,,,,,,,,,,,,,,0.0018642891853531901
35204,0,0.00058166,,,,,{ACECC38D-7095-44C3-ABFC-9AF68D2B61FE},,113758686216,,944013,يحيى بن خلدون,,,,,400,12,001,00101,,101,00100001,00100100,001022008,00100001063,StreetUpdate,1669026187000,SA,1717061271000,JALALKHAN,6,0,,2,,,1,2,1,,,2,Yahya Bin Khaldoun,,4,,,,Normal,,,4,,,2,,1,,,,,,,,,,,,001000010029034,,,,,0,,,,,,,,,,,,,,,,,,0.00389565043284851
3523,0,0.00155966,,,,,{157ADDB5-DE34-4FE0-AC7A-B296D51976CB},,113752766290,,944027,الثمامية,,,,,160,20,001,00101,,101,00100001,00100100,001022008,00100001063,StreetUpdate,1669026187000,SA,1717061271000,JALALKHAN,6,0,,2,,,1,2,1,,,2,Al Themamiya,,4,,,,Normal,,,4,,,2,,1,,,,,,,,,,,,001000010003240,,,,,0,,,,,,,,,,,,,,,,,,0.00155965576460577
35562,0,0.00095883,,,,,{7E221AB1-80B7-4198-BE0F-106DE1080E37},,113761525878,,944354,الفضول,,,,,104,10,001,00101,,101,00100001,00100100,001022008,00100001063,StreetUpdate,1669026187000,SA,1717061274000,JALALKHAN,6,0,,2,,,1,2,1,,,1,Al Fodhoul,,4,,,,Normal,,,4,,,2,,1,,,,,,,,,,,,001000010029342,,,,,0,,,,,,,,,,,,,,,,,,0.000958831812882317
35636,0,0.0034939,,,,,{F44861DF-FA99-47DC-834F-0B0F744F2BD1},,113758186272,,944433,الورد,,,,,479,12,001,00101,,101,00100001,00100100,001022008,00100001063,StreetUpdate,1669026187000,SA,1717061275000,JALALKHAN,6,0,,2,,,1,2,1,,,2,Al Ward,,4,,,,Normal,,,4,,,2,,1,,,,,,,,,,,,001000010029413,,,,,0,,,,,,,,,,,,,,,,,,0.00466819557573886
35643,0,0.00053705,,,,,{9F38192C-4A25-40F0-B9EB-4BBF37F8CAC3},,113761465936,,944438,البادر,,,,,118,8,001,00101,,101,00100001,00100100,001022008,00100001063,StreetUpdate,1669026187000,SA,1717061275000,JALALKHAN,6,0,,2,,,1,2,1,,,1,Al Bader,,4,,,,Normal,,,4,,,2,,1,,,,,,,,,,,,001000010029417,,,,,0,,,,,,,,,,,,,,,,,,0.00108022381585669
35834,0,0.00170962,,,,,{EE696ABF-3723-49C8-9F52-BAA7D327E33A},,113756305992,,944638,تيماء,,,,,186,15,001,00101,,101,00100001,00100100,001022008,00100001063,StreetUpdate,1669026187000,SA,1717061277000,JALALKHAN,5,0,,19,,,1,2,1,,,2,Tima,,4,,,,Normal,,,4,,,2,,1,,,,,,,,,,,,001000010029596,,,,,0,,,,,,,,,,,,,,,,,,0.0017096196066942301
36245,0,0.00296057,,,,,{563416A6-225C-49F1-A7FB-571D46EDB960},,113755366128,,945048,أدم بن ربيعة,,,,,304,20,001,00101,,101,00100001,00100100,001022008,00100001063,StreetUpdate,1669026187000,SA,1717061283000,JALALKHAN,6,0,,2,,,1,2,1,,,2,Adam Bin Rabaie,,4,,,,Normal,,,4,,,2,,1,,,,,,,,,,,,001000010029969,,,,,0,,,,,,,,,,,,,,,,,,0.00296057279210037
36352,0,0.00208725,,,,,{73A1A6DC-2632-4DE9-A700-BFDFB31664F4},,113752886102,,945148,خزاعة,,,,,227,25,001,00101,,101,00100001,00100100,001022008,00100001063,StreetUpdate,1669026187000,SA,1717061284000,JALALKHAN,5,0,,2,,,1,2,1,,,2,Khozaah,,4,,,,Normal,,,4,,,2,,1,,,,,,,,,,,,001000010030060,,,,,0,,,,,,,,,,,,,,,,,,0.00208725376198157
36819,0,0.00253863,,,,,{DEE70FC3-FFC3-4D4B-A8CB-3DADF3749407},,113754466198,,945643,السكب,,,,,261,20,001,00101,,101,00100001,00100100,001022008,00100001063,StreetUpdate,1669026187000,SA,1717061289000,JALALKHAN,6,0,,2,,,1,2,1,,,2,Al Sakab,,4,,,,Normal,,,4,,,2,,1,,,,,,,,,,,,001000010030512,,,,,0,,,,,,,,,,,,,,,,,,0.00253863097706795
37298,0,0.00079147,,,,,{53DB6403-5DD9-4055-8BDE-E92076ACE6F5},,113760586306,,945927,شقراء,,,,,293,10,001,00101,,101,00100001,00100100,001022008,00100001063,StreetUpdate,1669026187000,SA,1717061294000,JALALKHAN,6,0,,2,,,1,2,1,,,1,Shagra,,4,,,,Normal,,,4,,,2,,1,,,,,,,,,,,,001000010030747,,,,,0,,,,,,,,,,,,,,,,,,0.0028570331223345103
37303,0,0.00114776,,,,,{E5072D5F-8A40-4DDD-B427-DCE619577E45},,113754786180,,945934,سيهات,,,,,125,15,001,00101,,101,00100001,00100100,001022008,00100001063,StreetUpdate,1669026187000,SA,1717061294000,JALALKHAN,6,0,,2,,,1,2,1,,,2,Sihat,,4,,,,Normal,,,4,,,2,,1,,,,,,,,,,,,001000010030752,,,,,0,,,,,,,,,,,,,,,,,,0.0011477550433599902
37416,0,0.00451746,,,,,{CE964C32-C669-43FE-A2AC-937843B0A15E},,113756906436,,946047,المثناة,,,,,492,12,001,00101,,101,00100001,00100100,001022008,00100001063,StreetUpdate,1669026187000,SA,1717061296000,JALALKHAN,6,0,,2,,,1,2,1,,,2,Al Mathnat,,4,,,,Normal,,,4,,,2,,1,,,,,,,,,,,,001000010030854,,,,,0,,,,,,,,,,,,,,,,,,0.0045174550092007704
37448,0,0.00179831,,,,,{72123E02-9989-4488-9992-C122C24323CD},,113754326406,,946081,ريدة,,,,,185,15,001,00101,,101,00100001,00100100,001022008,00100001063,StreetUpdate,1669026187000,SA,1717061296000,JALALKHAN,6,0,,2,,,1,2,1,,,2,Raida,,4,,,,Normal,,,4,,,2,,1,,,,,,,,,,,,001000010030886,,,,,0,,,,,,,,,,,,,,,,,,0.00179830568122068
37457,0,0.00137681,,,,,{61750552-8FE8-4A20-A55D-1CBF038BCF68},,113753286102,,946091,ميسان,,,,,141,15,001,00101,,101,00100001,00100100,001022008,00100001063,StreetUpdate,1669026187000,SA,1717061296000,JALALKHAN,6,0,,2,,,1,2,1,,,2,Missan,,4,,,,Normal,,,4,,,2,,1,,,,,,,,,,,,001000010030895,,,,,0,,,,,,,,,,,,,,,,,,0.0013768123057416302
37467,0,0.00137683,,,,,{2E263BCE-2522-4AB5-B846-55D2B2A2990F},,113753126136,,946102,هجر,,,,,141,15,001,00101,,101,00100001,00100100,001022008,00100001063,StreetUpdate,1669026187000,SA,1717061296000,JALALKHAN,6,0,,2,,,1,2,1,,,2,Hajr,,4,,,,Normal,,,4,,,2,,1,,,,,,,,,,,,001000010030905,,,,,0,,,,,,,,,,,,,,,,,,0.0013768274207022
37588,0,0.00118286,,,,,{FE695C65-2CD1-4B3F-A6D0-233F13E883D8},,113757766570,,946231,يثرب,,,,,121,10,001,00101,,101,00100001,00100100,001022008,00100001063,StreetUpdate,1669026187000,SA,1717061297000,JALALKHAN,6,0,,2,,,1,2,1,,,2,Yathreb,,4,,,,Normal,,,4,,,2,,1,,,,,,,,,,,,001000010031023,,,,,0,,,,,,,,,,,,,,,,,,0.00118285688082118
37594,0,0.00103101,,,,,{3A9C8F09-3835-49C5-A9B0-CD8E786E46D3},,113760346246,,946238,نبرة,,,,,106,12,001,00101,,101,00100001,00100100,001022008,00100001063,StreetUpdate,1669026187000,SA,1717061297000,JALALKHAN,6,0,,2,,,1,2,1,,,1,Nabra,,4,,,,Normal,,,4,,,2,,1,,,,,,,,,,,,001000010031029,,,,,0,,,,,,,,,,,,,,,,,,0.0010310143219831802
37849,0,0.00142599,,,,,{33E2F70D-B4C5-4CDE-AA84-CE96F38B49DC},,113760826254,,946508,وتر,,,,,155,12,001,00101,,101,00100001,00100100,001022008,00100001063,StreetUpdate,1669026187000,SA,1717061300000,JALALKHAN,6,0,,2,,,1,2,1,,,1,Watar,,4,,,,Normal,,,4,,,2,,1,,,,,,,,,,,,001000010031273,,,,,0,,,,,,,,,,,,,,,,,,0.00142599460262733
37981,0,0.00118061,,,,,{1733A79D-11F5-4CA4-BC3E-F78C26DA182E},,113759446218,,946649,قها,,,,,121,10,001,00101,,101,00100001,00100100,001022008,00100001063,StreetUpdate,1669026187000,SA,1717061302000,JALALKHAN,6,0,,2,,,1,2,1,,,2,Qaha,,4,,,,Normal,,,4,,,2,,1,,,,,,,,,,,,001000010031402,,,,,0,,,,,,,,,,,,,,,,,,0.0011806106004966202
38041,0,0.00142731,,,,,{031E5B95-19E0-44FB-98E8-5ED7C5DA37B3},,113760046318,,946711,نخال,,,,,155,12,001,00101,,101,00100001,00100100,001022008,00100001063,StreetUpdate,1669026187000,SA,1717061302000,JALALKHAN,6,0,,2,,,1,2,1,,,2,Nakhal,,4,,,,Normal,,,4,,,2,,1,,,,,,,,,,,,001000010031457,,,,,0,,,,,,,,,,,,,,,,,,0.0014273097560704201
38171,0,0.00131801,,,,,{354F7800-C778-4697-BBB6-8E878050DF90},,113761305856,,946849,تمام بنت الحسين,,,,,144,10,001,00101,,101,00100001,00100100,001022008,00100001063,StreetUpdate,1669026187000,SA,1717061306000,JALALKHAN,6,0,,2,,,1,2,1,,,1,Tamam Bint Al Hussein,,4,,,,Normal,,,4,,,2,,1,,,,,,,,,,,,001000010031582,,,,,0,,,,,,,,,,,,,,,,,,0.0013180050002153901
38190,0,0.0012319,,,,,{8F03BBFB-C258-4057-AD5A-23656F197902},,113752426106,,946870,البارقة,,,,,134,15,001,00101,,101,00100001,00100100,001022008,00100001063,StreetUpdate,1669026187000,SA,1717061307000,JALALKHAN,6,0,,2,,,1,2,1,,,2,Al Bareqa,,4,,,,Normal,,,4,,,2,,1,,,,,,,,,,,,001000010031601,,,,,0,,,,,,,,,,,,,,,,,,0.00123189597468617
38355,0,0.00117724,,,,,{3F5AE8EC-2311-42A0-B433-D07A18914A70},,113759225738,,947047,شمسان,,,,,121,10,001,00101,,101,00100001,00100100,001022008,00100001063,StreetUpdate,1669026187000,SA,1717061308000,JALALKHAN,6,0,,2,,,1,2,1,,,1,Shamsan,,4,,,,Normal,,,4,,,2,,1,,,,,,,,,,,,001000010031763,,,,,0,,,,,,,,,,,,,,,,,,0.00117723922180668
38856,0,0.00186015,,,,,{25F9A4D6-D894-4277-BDB4-9B5A01B048BA},,113754286284,,947584,الريف,,,,,191,15,001,00101,,101,00100001,00100100,001022008,00100001063,StreetUpdate,1669026187000,SA,1717061313000,JALALKHAN,6,0,,2,,,1,2,1,,,2,Al Rif,,4,,,,Normal,,,4,,,2,,1,,,,,,,,,,,,001000010032249,,,,,0,,,,,,,,,,,,,,,,,,0.0018601509917451201
39189,0,0.00238086,,,,,{CFA34E3B-43CB-48F3-9104-75C5B8ECF646},,113753326006,,947942,غزة,,,,,475,20,001,00101,,101,00100001,00100100,001022008,00100001063,StreetUpdate,1669026187000,SA,1717061318000,JALALKHAN,6,0,,2,,,1,2,1,,,2,Gaza,,4,,,,Normal,,,4,,,2,,1,,,,,,,,,,,,001000010032576,,,,,0,,,,,,,,,,,,,,,,,,0.00457176046173714
39385,0,0.00201297,,,,,{A3F4E22B-3630-463A-8B1E-FF71964EC25F},,113756326246,,948148,ذهبان,,,,,207,20,001,00101,,101,00100001,00100100,001022008,00100001063,StreetUpdate,1669026187000,SA,1717061320000,JALALKHAN,6,0,,2,,,1,2,1,,,2,zahaban,,4,,,,Normal,,,4,,,2,,1,,,,,,,,,,,,001000010032762,,,,,0,,,,,,,,,,,,,,,,,,0.00201296680280924
39508,0,0.00095905,,,,,{F3629642-1F22-4C7D-BA67-0DC81E07C7E3},,113760526226,,948277,مؤتة,,,,,104,12,001,00101,,101,00100001,00100100,001022008,00100001063,StreetUpdate,1669026187000,SA,1717061321000,JALALKHAN,6,0,,2,,,1,2,1,,,1,Mo'Ta,,4,,,,Normal,,,4,,,2,,1,,,,,,,,,,,,001000010032878,,,,,0,,,,,,,,,,,,,,,,,,0.000959045012259592
39529,0,0.00101263,,,,,{3D799FD5-DD94-4700-93B9-BEF51E75A07B},,113758386222,,948299,منجد,,,,,104,12,001,00101,,101,00100001,00100100,001022008,00100001063,StreetUpdate,1669026187000,SA,1717061322000,JALALKHAN,6,0,,2,,,1,2,1,,,2,Monjed,,4,,,,Normal,,,4,,,2,,1,,,,,,,,,,,,001000010032898,,,,,0,,,,,,,,,,,,,,,,,,0.00101262899484669
39796,0,0.00117647,,,,,{EB0F583E-F8DF-4B23-A8D1-FA3E0C93300E},,113759525674,,948585,صفية البغدادية,,,,,128,10,001,00101,,101,00100001,00100100,001022008,00100001063,StreetUpdate,1669026187000,SA,1717061324000,JALALKHAN,6,0,,2,,,1,2,1,,,1,Safia Al Baghdadya,,4,,,,Normal,,,4,,,2,,1,,,,,,,,,,,,001000010033156,,,,,0,,,,,,,,,,,,,,,,,,0.00117646944410993
39865,0,0.0084218,,,,,{3CE4658A-82F5-4534-94A9-7CC22A8ACB2A},,113753786178,,948658,الشارقة,,,,,917,36,001,00101,,101,00100001,00100100,001022008,00100001063,StreetUpdate,1669026187000,SA,1717061325000,JALALKHAN,4,0,,2,,,6,1,1,,,2,Ash Shariqa,,3,,,,Normal,,,,,,2,,1,,,,,,,,,,,,001000010033222,,,,,0,,,,,,,,,,,,,,,,,,0.00842180267451447
40025,0,0.001748,,,,,{70A52324-8E4E-4E10-94A4-31C590F5994E},,113754926152,,948833,أروي,,,,,179,20,001,00101,,101,00100001,00100100,001022008,00100001063,StreetUpdate,1669026187000,SA,1717061327000,JALALKHAN,6,0,,2,,,1,2,1,,,2,Arwa,,4,,,,Normal,,,4,,,2,,1,,,,,,,,,,,,001000010033379,,,,,0,,,,,,,,,,,,,,,,,,0.0017479957774226501
40128,0,0.0054834,,,,,{E811C502-26A9-445D-BABC-C916FDC58F68},,113755065736,,948944,العارض,,,,,1098,20,001,00101,,101,00100001,00100100,001022008,00100001063,StreetUpdate,1669026187000,SA,1717061329000,JALALKHAN,6,0,,2,,,1,2,1,,,1,Al Aredh,,4,,,,Normal,,,4,,,2,,1,,,,,,,,,,,,001000010033480,,,,,0,,,,,,,,,,,,,,,,,,0.010253684985152299
40203,0,0.00214891,,,,,{6CC91DD6-4DF3-46DB-985C-DD61025BE9C6},,113755765976,,949024,زنجبار,,,,,221,15,001,00101,,101,00100001,00100100,001022008,00100001063,StreetUpdate,1669026187000,SA,1717061330000,JALALKHAN,6,0,,19,,,1,2,1,,,2,Zenjebar,,4,,,,Normal,,,4,,,2,,1,,,,,,,,,,,,001000010033553,,,,,0,,,,,,,,,,,,,,,,,,0.00214891018430789
40397,0,0.00467529,,,,,{5C230B63-0E06-4DB5-B8A6-5886060CC7AE},,113758745698,,949232,سميراء,,,,,509,12,001,00101,,101,00100001,00100100,001022008,00100001063,StreetUpdate,1669026187000,SA,1717061332000,JALALKHAN,5,0,,2,,,1,2,1,,,1,Samira,,4,,,,Normal,,,4,,,2,,1,,,,,,,,,,,,001000010033743,,,,,0,,,,,,,,,,,,,,,,,,0.00467529200479518
40439,0,0.00107667,,,,,{7BEA54A3-C5C8-43B2-AF92-A2D37D9B8861},,113760845906,,949277,مصياف,,,,,117,10,001,00101,,101,00100001,00100100,001022008,00100001063,StreetUpdate,1669026187000,SA,1717061333000,JALALKHAN,6,0,,2,,,1,2,1,,,1,Masayef,,4,,,,Normal,,,4,,,2,,1,,,,,,,,,,,,001000010033786,,,,,0,,,,,,,,,,,,,,,,,,0.00107667192736342
40535,0,0.00117665,,,,,{3444B360-AD42-4D57-ADF1-9299DAB2E69F},,113758286464,,949384,الأوسي,,,,,121,15,001,00101,,101,00100001,00100100,001022008,00100001063,StreetUpdate,1669026187000,SA,1717061334000,JALALKHAN,6,0,,2,,,1,2,1,,,2,Al Aossi,,4,,,,Normal,,,4,,,2,,1,,,,,,,,,,,,001000010033882,,,,,0,,,,,,,,,,,,,,,,,,0.0011766515437163201
40540,0,0.00330769,,,,,{9F475EAB-31CB-4E14-BE2C-B26935D07839},,113755446402,,949390,الاوضاح,,,,,360,15,001,00101,,101,00100001,00100100,001022008,00100001063,StreetUpdate,1669026187000,SA,1717061334000,JALALKHAN,6,0,,2,,,1,2,1,,,2,Al Awzaah,,4,,,,Normal,,,4,,,2,,1,,,,,,,,,,,,001000010033887,,,,,0,,,,,,,,,,,,,,,,,,0.0033076904162459004
40641,0,0.00208327,,,,,{2E36EE84-422D-4CC1-814B-BFBCDAA9E59C},,113753966374,,949499,صخر,,,,,227,15,001,00101,,101,00100001,00100100,001022008,00100001063,StreetUpdate,1669026187000,SA,1717061335000,JALALKHAN,6,0,,2,,,1,2,1,,,2,Sakar,,4,,,,Normal,,,4,,,2,,1,,,,,,,,,,,,001000010033985,,,,,0,,,,,,,,,,,,,,,,,,0.002083273538104
40791,0,0.00228681,,,,,{DD387CDF-A694-4317-9456-7005102700FC},,113752306068,,949658,البترا,,,,,241,20,001,00101,,101,00100001,00100100,001022008,00100001063,StreetUpdate,1669026187000,SA,1717061337000,JALALKHAN,6,0,,2,,,1,2,1,,,2,Al Battra,,4,,,,Normal,,,4,,,2,,1,,,,,,,,,,,,001000010034130,,,,,0,,,,,,,,,,,,,,,,,,0.00228681448749272
4090,0,0.00079352,,الحوافظ,,,{A9020570-3DFF-4838-A924-895CAE3A63D5},,113759106404,,949777,الحوافظ,,,,,0,12,001,00101,,101,00100001,00100100,001022008,00100001063,StreetUpdate,1669026187000,SA,1674983631000,SA,6,0,,2,,,1,2,1,,,2,Al Hawafeth,,4,,,,Normal,,,4,,,2,,1,,,0.08146232,,19285,,,,,,,001000010003758,,,,,0,,,,,,,,,,,,,,,,,,0.0007935247427244911
41149,0,0.00091516,,وادي ابي خشبة,,,{BF5A404C-5069-416A-976F-450D83507C9D},,113756585872,,950049,وادي ابي خشبة,,,,,0,15,001,00101,,101,00100001,00100100,001022008,00100001063,StreetUpdate,1669026187000,SA,1674983634000,SA,6,0,,2,,,1,2,1,,,1,Abi Khashaba Valley,,4,,,,Normal,,,4,,,2,,1,,,0.09396731,,26178,,,,,,,001000010034484,,,,,0,,,,,,,,,,,,,,,,,,0.0009151554878172339
41237,0,0.00155714,,سطام أبا الخيل,,,{AE9477F0-0F02-4EEE-B81D-B12E60CCEA71},,113761105784,,950140,سطام أبا الخيل,,,,,1,10,001,00101,,101,00100001,00100100,001022008,00100001063,StreetUpdate,1669026187000,SA,1674983634000,SA,6,0,,2,,,1,2,1,,,1,Sattam Aba Al Kheil,,4,,,,Normal,,,4,,,2,,1,,,0.99916906,,6901,,,,,,,001000010034568,,,,,0,,,,,,,,,,,,,,,,,,0.00973053500000327
41443,0,0.00207767,,البراري,,,{4FE97DCD-6461-4F4E-B194-584EAA8F487C},,113751966276,,950360,البراري,,,,,0,15,001,00101,,101,00100001,00100100,001022008,00100001063,StreetUpdate,1669026187000,SA,1674983635000,SA,6,0,,2,,,1,2,1,,,2,Al-Bararee,,4,,,,Normal,,,4,,,2,,1,,,0.22618502,,20217,,,,,,,001000010034767,,,,,0,,,,,,,,,,,,,,,,,,0.00207766673934762
41454,0,0.00310277,,البرك,,,{7151DA1C-0609-43C6-87AE-3E9E808E2E63},,113759845652,,950372,البرك,,,,,0,12,001,00101,,101,00100001,00100100,001022008,00100001063,StreetUpdate,1669026187000,SA,1674983635000,SA,6,0,,2,,,1,2,1,,,1,Al Barak,,4,,,,Normal,,,4,,,2,,1,,,0.31848643,,20224,,,,,,,001000010034778,,,,,0,,,,,,,,,,,,,,,,,,0.00310276680856891
41574,0,0.00243392,,الحجر,,,{E65CFFB8-F808-4FF8-829E-9CFFB4E288D2},,113756906158,,950497,الحجر,,,,,0,15,001,00101,,101,00100001,00100100,001022008,00100001063,StreetUpdate,1669026187000,SA,1674983635000,SA,6,0,,2,,,1,2,1,,,2,Al Hajjar,,4,,,,Normal,,,4,,,2,,1,,,0.26503223,,20408,,,,,,,001000010034895,,,,,0,,,,,,,,,,,,,,,,,,0.00243392173117897
41611,0,0.0011806,,عمرو بن امامه,,,{7D9545AA-428A-49FD-A85B-82E2DCE6BC77},,113759586190,,950537,عمرو بن امامه,,,,,0,10,001,00101,,101,00100001,00100100,001022008,00100001063,StreetUpdate,1669026187000,SA,1674983635000,SA,6,0,,2,,,1,2,1,,,2,Amr Bin Emama,,4,,,,Normal,,,4,,,2,,1,,,0.12123214,,17256,,,,,,,001000010034930,,,,,0,,,,,,,,,,,,,,,,,,0.00118060483735698
41835,0,0.00158705,,الطرفية,,,{A790A61C-B2F9-4955-856F-B9F1FE610CDE},,113762045820,,950772,الطرفية,,,,,0,10,001,00101,,101,00100001,00100100,001022008,00100001063,StreetUpdate,1669026187000,SA,1674983636000,SA,6,0,,2,,,1,2,1,,,1,Al Tarfiya,,4,,,,Normal,,,4,,,2,,1,,,0.42623797,,20789,,,,,,,001000010035144,,,,,0,,,,,,,,,,,,,,,,,,0.003915328349577951
4194,0,0.00120516,,الخطيب أبو الغنائم,,,{B44188B6-5039-461C-9D0B-49C0BB9B733B},,113761645854,,950880,الخطيب أبو الغنائم,,,,,0,10,001,00101,,101,00100001,00100100,001022008,00100001063,StreetUpdate,1669026187000,SA,1674983637000,SA,6,0,,2,,,1,2,1,,,1,Al Khatib Abi Al Ghanaem,,4,,,,Normal,,,4,,,2,,1,,,0.12378073,,8665,,,,,,,001000010003852,,,,,0,,,,,,,,,,,,,,,,,,0.00120515980578345
41972,0,0.00133848,,المشمش,,,{733DD573-9941-4D77-AA95-FBDBDD7D8607},,113758885740,,950915,المشمش,,,,,0,10,001,00101,,101,00100001,00100100,001022008,00100001063,StreetUpdate,1669026187000,SA,1674983637000,SA,6,0,,2,,,1,2,1,,,1,Al Meshmesh,,4,,,,Normal,,,4,,,2,,1,,,0.14572603,,35671,,,,,,,001000010035274,,,,,0,,,,,,,,,,,,,,,,,,0.0013384786218826202
42206,0,0.00071084,,سدوان,,,{CA258EFC-9E28-4D3C-974A-29E777BA1DB4},,113760546326,,951174,سدوان,,,,,0,12,001,00101,,101,00100001,00100100,001022008,00100001063,StreetUpdate,1669026187000,SA,1674983639000,SA,6,0,,2,,,1,2,1,,,2,Sadwan,,4,,,,Normal,,,4,,,2,,1,,,0.11068978,,25822,,,,,,,001000010035507,,,,,0,,,,,,,,,,,,,,,,,,0.00107853292039062
42736,0,0.00134896,,عبد الرحمن بن معاوية,,,{67CCF6F1-9795-4864-AA5D-A0BB1E0A4638},,113759425766,,951739,عبد الرحمن بن معاوية,,,,,0,10,001,00101,,101,00100001,00100100,001022008,00100001063,StreetUpdate,1669026187000,SA,1674983641000,SA,6,0,,2,,,1,2,1,,,1,Abdulrahman Bin Moweya,,4,,,,Normal,,,4,,,2,,1,,,0.14689056,,12979,,,,,,,001000010036026,,,,,0,,,,,,,,,,,,,,,,,,0.00134896021510202
42876,0,0.0012243,,النجيل,,,{82627F97-0C38-405C-9FC2-2CDDFC95A77B},,113762185900,,951887,النجيل,,,,,0,10,001,00101,,101,00100001,00100100,001022008,00100001063,StreetUpdate,1669026187000,SA,1674983642000,SA,6,0,,2,,,1,2,1,,,1,Al Najil,,4,,,,Normal,,,4,,,2,,1,,,0.13323325,,21246,,,,,,,001000010036159,,,,,0,,,,,,,,,,,,,,,,,,0.0012243035885678
43994,0,0.00207173,,احمد البيهقي,,,{81815BCB-24F4-40E0-B009-7CD173832EA1},,113762945816,,953100,احمد البيهقي,,,,,0,10,001,00101,,101,00100001,00100100,001022008,00100001063,StreetUpdate,1669026187000,SA,1674983649000,SA,6,0,,2,,,1,2,1,,,1,Ahmad Al Bahiqi,,4,,,,Normal,,,4,,,2,,1,,,0.22563339,,18090,,,,,,,001000010037263,,,,,0,,,,,,,,,,,,,,,,,,0.0020717349376216197
4586,0,0.00252145,,الروض,,,{594478C6-A6FE-4E21-9EDB-777C2090080E},,113753345982,,954981,الروض,,,,,0,20,001,00101,,101,00100001,00100100,001022008,00100001063,StreetUpdate,1669026187000,SA,1674983656000,SA,5,0,,2,,,1,2,1,,,2,Al Rawdh,,4,,,,Normal,,,4,,,2,,1,,,0.27465785,,20629,,,,,,,001000010004210,,,,,0,,,,,,,,,,,,,,,,,,0.00252145066529477
4618,0,0.00074305,,الريعة,,,{9E7ED236-D538-47C0-913E-486241F7E062},,113759765672,,955277,الريعة,,,,,0,8,001,00101,,101,00100001,00100100,001022008,00100001063,StreetUpdate,1669026187000,SA,1674983659000,SA,6,0,,2,,,1,2,1,,,1,Al Reea,,4,,,,Normal,,,4,,,2,,1,,,0.24935216,,22204,,,,,,,001000010004239,,,,,0,,,,,,,,,,,,,,,,,,0.00228982649005193
4649,0,0.00158642,,الزريقات,,,{CB96F1A1-CED9-4609-8582-14CC134E64A3},,113762065884,,955612,الزريقات,,,,,0,8,001,00101,,101,00100001,00100100,001022008,00100001063,StreetUpdate,1669026187000,SA,1674983660000,SA,6,0,,2,,,1,2,1,,,1,Al Zoreiqat,,4,,,,Normal,,,4,,,2,,1,,,0.17259054,,19308,,,,,,,001000010004270,,,,,0,,,,,,,,,,,,,,,,,,0.00158641526612058
4681,0,0.00098325,,الزوين,,,{7C2C4DE6-0233-45E7-863A-A24CBF32C4D4},,113759105762,,955915,الزوين,,,,,0,10,001,00101,,101,00100001,00100100,001022008,00100001063,StreetUpdate,1669026187000,SA,1674983661000,SA,6,0,,2,,,1,2,1,,,1,Al Zowein,,4,,,,Normal,,,4,,,2,,1,,,0.10704773,,19311,,,,,,,001000010004299,,,,,0,,,,,,,,,,,,,,,,,,0.000983250813720364
4740,0,0.00091983,,السرايا,,,{E8D03EFF-B6E5-4FB8-972A-C8E65BF92C41},,113760185696,,956331,السرايا,,,,,0,8,001,00101,,101,00100001,00100100,001022008,00100001063,StreetUpdate,1669026187000,SA,1674983665000,SA,6,0,,2,,,1,2,1,,,1,Al Saraya,,4,,,,Normal,,,4,,,2,,1,,,0.10011029,,35115,,,,,,,001000010004350,,,,,0,,,,,,,,,,,,,,,,,,0.000919828370798053
4771,0,0.00150318,,السفرجل,,,{EDA36563-33FF-42EC-9AD8-5214FC11A1D3},,113754586374,,956397,السفرجل,,,,,0,15,001,00101,,101,00100001,00100100,001022008,00100001063,StreetUpdate,1669026187000,SA,1674983665000,SA,6,0,,2,,,1,2,1,,,2,Al Safarjal,,4,,,,Normal,,,4,,,2,,1,,,0.16363969,,35594,,,,,,,001000010004379,,,,,0,,,,,,,,,,,,,,,,,,0.0015031823600634602
4962,0,0.00149846,,الشعيبات,,,{264C932E-AC17-4C11-8510-92928D356143},,113754506334,,957450,الشعيبات,,,,,0,15,001,00101,,101,00100001,00100100,001022008,00100001063,StreetUpdate,1669026187000,SA,1674983668000,SA,6,0,,2,,,1,2,1,,,2,Al Shoebat,,4,,,,Normal,,,4,,,2,,1,,,0.29437674,,20692,,,,,,,001000010004565,,,,,0,,,,,,,,,,,,,,,,,,0.00270421964395839
5132,0,0.00742409,,الصباح,40,,{0C3B2EA3-9F5F-43C7-B84B-3DA250605809},,113759746160,,957979,الصباح,,,,,1,12,001,00101,,101,00100001,00100100,001022008,00100001063,StreetUpdate,1669026187000,SA,1674983671000,SA,5,0,,2,,,1,2,1,,,1,Al Sabah,,4,,,,Normal,,,4,,,2,,1,,,0.84454977,,24596,,,,,,,001000010004721,,,,,0,,,,,,,,,,,,,,,,40,,0.00822516520572673
515,0,0.00253794,,ابن العربي,,,{40BB3161-20EB-4351-89B4-974613EF7B35},,113756285538,,957998,ابن العربي,,,,,0,20,001,00101,,101,00100001,00100100,001022008,00100001063,StreetUpdate,1669026187000,SA,1674983671000,SA,6,0,,2,,,1,2,1,,,1,Ibn Al Arabi,,4,,,,Normal,,,4,,,2,,1,,,0.41940281,,11234,,,,,,,001000010000475,,,,,0,,,,,,,,,,,,,,,,,,0.00408489593395583
5558,0,0.00118647,,العقيلية,,,{EC727306-CEF2-4EBA-9D7B-CC8CC86DC12B},,113762485910,,960562,العقيلية,,,,,0,10,001,00101,,101,00100001,00100100,001022008,00100001063,StreetUpdate,1669026187000,SA,1674983682000,SA,6,0,,2,,,1,2,1,,,1,Al Aqiliya,,4,,,,Normal,,,4,,,2,,1,,,0.12179347,,20868,,,,,,,001000010005117,,,,,0,,,,,,,,,,,,,,,,,,0.00118647052607454
569,0,0.00118405,,ابن اللحام الحنبلي,,,{00AB9985-666C-468A-9B0C-667A5D12384E},,113762525836,,961052,ابن اللحام الحنبلي,,,,,0,10,001,00101,,101,00100001,00100100,001022008,00100001063,StreetUpdate,1669026187000,SA,1674983683000,SA,6,0,,2,,,1,2,1,,,1,Ibn Al Laham Al Hanbali,,4,,,,Normal,,,4,,,2,,1,,,0.12158365,,11273,,,,,,,001000010000524,,,,,0,,,,,,,,,,,,,,,,,,0.0011840483553593802
57015,0,0.00074441,,أحمد الغافقي,,,{D02CC340-1227-4745-9C7A-C6EB80BB5866},,113757866322,,961146,أحمد الغافقي,,,,,0,10,001,00101,,101,00100001,00100100,001022008,00100001063,StreetUpdate,1669026187000,SA,1674983683000,SA,6,0,,2,,,1,2,1,,,2,Ahmad Al Ghafqi,,4,,,,Normal,,,4,,,2,,1,,,0.08100887,,12231,,,,,,,001000010044023,,,,,0,,,,,,,,,,,,,,,,,,0.000744407704653051
57165,0,0.0022007,,محمد السليماني,,,{4FEB7120-F8F1-4F30-AAB6-944EFD227F7E},,113757246044,,961282,محمد السليماني,,,,,0,15,001,00101,,101,00100001,00100100,001022008,00100001063,StreetUpdate,1669026187000,SA,1674983685000,SA,6,0,,2,,,1,2,1,,,2,Mohammed Al Solimani,,4,,,,Normal,,,4,,,2,,1,,,0.22579301,,14420,,,,,,,001000010044148,,,,,0,,,,,,,,,,,,,,,,,,0.00220069882067893
57166,0,0.00076049,,بن الناعم,,,{A24E9D12-8BA2-41A4-99DC-847F7B3C3675},,113757106060,,961283,بن الناعم,,,,,0,15,001,00101,,101,00100001,00100100,001022008,00100001063,StreetUpdate,1669026187000,SA,1674983685000,SA,6,0,,19,,,1,2,1,,,2,Bin Al Naem,,4,,,,Normal,,,4,,,2,,1,,,0.0827676,,9461,,,,,,,001000010044149,,,,,0,,,,,,,,,,,,,,,,,,0.0007604934037320771
58202,0,0.00294367,,أحمد المعقري,,,{F5D7CD81-596D-4300-85B6-765B41176058},,113756085956,,961544,أحمد المعقري,,,,,0,20,001,00101,,101,00100001,00100100,001022008,00100001063,StreetUpdate,1669026187000,SA,1674983686000,SA,6,0,,,,,1,2,1,,,2,Ahmed Al Mahakri,,4,,,,Normal,,,4,,,2,,1,,,0.30214318,,9294,,,,,,,001000010044306,,,,,0,,,,,,,,,,,,,,,,,,0.0029436737911086603
5875,0,0.00155579,,القاسم بن خالد,,,{2D886FF1-0BC6-42B2-9704-DBC10A180CAA},,113762525880,,961685,القاسم بن خالد,,,,,0,10,001,00101,,101,00100001,00100100,001022008,00100001063,StreetUpdate,1669026187000,SA,1674983686000,SA,6,0,,2,,,1,2,1,,,1,Al Qassem Ibn Khaled,,4,,,,Normal,,,4,,,2,,1,,,0.15968086,,11749,,,,,,,001000010005406,,,,,0,,,,,,,,,,,,,,,,,,0.00155579199437849
5989,0,0.00096467,,القطين,,,{4EED3A2F-B607-4B28-BD99-61E055C9E3C8},,113759366456,,962804,القطين,,,,,0,12,001,00101,,101,00100001,00100100,001022008,00100001063,StreetUpdate,1669026187000,SA,1674983691000,SA,6,0,,2,,,1,2,1,,,2,Al Qatin,,4,,,,Normal,,,4,,,2,,1,,,0.09904937,,21016,,,,,,,001000010005513,,,,,0,,,,,,,,,,,,,,,,,,0.000964671500885714
6290,0,0.00525636,,المدار,,,{DCF2D92C-0998-4A2B-B53E-1C1FF5440682},,113758846506,,963285,المدار,,,,,1,12,001,00101,,101,00100001,00100100,001022008,00100001063,StreetUpdate,1669026187000,SA,1674983692000,SA,6,0,,2,,,1,2,1,,,2,Al Madar,,4,,,,Normal,,,4,,,2,,1,,,0.57234864,,24920,,,,,,,001000010005788,,,,,0,,,,,,,,,,,,,,,,,,0.0052563622311774805
6638,0,0.00277456,,المنصور المريني,,,{61A2834C-BD0B-4E8E-9E7B-D90D496064CE},,113759046546,,963673,المنصور المريني,,,,,0,12,001,00101,,101,00100001,00100100,001022008,00100001063,StreetUpdate,1669026187000,SA,1674983693000,SA,6,0,,2,,,1,2,1,,,2,Al Mansour Al Marini,,4,,,,Normal,,,4,,,2,,1,,,0.30206006,,5912,,,,,,,001000010006112,,,,,0,,,,,,,,,,,,,,,,,,0.00277455680299568
6714,0,0.01055992,,الناصرة,,,{D3E45961-BCAE-412B-AE5C-7A3DA923EB81},,113760505858,,963752,الناصرة,,,,,1,20,001,00101,,101,00100001,00100100,001022008,00100001063,StreetUpdate,1669026187000,SA,1674983696000,SA,5,0,,2,,,1,2,1,,,1,Al Nasera,,4,,,,Normal,,,4,,,2,,1,,,1.08413062,,21232,,,,,,,001000010006183,,,,,0,,,,,,,,,,,,,,,,,,0.0105599173295615
69039,0,0.00078535,,يحيى القرشي,,,{B7678D3F-8A4E-4CC5-8642-04A240D0F94A},,113757506508,,964045,يحيى القرشي,,,,,0,12,001,00101,,101,00100001,00100100,001022008,00100001063,StreetUpdate,1669026187000,SA,1674983697000,SA,6,0,,2,,,1,2,1,,,2,Yehya Al Qurashi,,4,,,,Normal,,,4,,,2,,1,,,0.08063215,,10146,,,,,,,001000010045740,,,,,0,,,,,,,,,,,,,,,,,,0.000785345015270359
6952,0,0.00287148,,الوقيط,,,{60AA0331-768B-4B73-9843-45AF65240CD7},,113762805912,,964574,الوقيط,,,,,0,12,001,00101,,101,00100001,00100100,001022008,00100001063,StreetUpdate,1669026187000,SA,1674983698000,SA,6,0,,2,,,1,2,1,,,1,Al Waqit,,4,,,,Normal,,,4,,,2,,1,,,0.43054671,,25128,,,,,,,001000010006405,,,,,0,,,,,,,,,,,,,,,,,,0.00395459811149047
710,0,0.00202646,,ابن حيان الأندلسي,,,{528F0401-734F-4C9F-BCE4-D9D8346920C9},,113760505700,,965776,ابن حيان الأندلسي,,,,,0,10,001,00101,,101,00100001,00100100,001022008,00100001063,StreetUpdate,1669026187000,SA,1674983702000,SA,6,0,,2,,,1,2,1,,,1,Ibn Hayan Al Andalusi,,4,,,,Normal,,,4,,,2,,1,,,0.22064692,,11375,,,,,,,001000010000642,,,,,0,,,,,,,,,,,,,,,,,,0.00202645878173829
71050,0,0.0007755,,برهان الدين المرشدي,,,{15C9B62A-FD29-47EA-B2F9-03F69DF7D466},,113752086062,,965826,برهان الدين المرشدي,,,,,0,15,001,00101,,101,00100001,00100100,001022008,00100001063,StreetUpdate,1669026187000,SA,1674983702000,SA,6,0,,2,,,1,2,1,,,2,Burhan Ud Din Al Murshadi,,4,,,,Normal,,,4,,,2,,1,,,0.08244116,,12457,,,,,,,001000010055651,,,,,0,,,,,,,,,,,,,,,,,,0.00077550244826561
71051,0,0.00139093,,بشار بن برد,,,{58CB56E8-E7C7-4854-9729-890D02FE5445},,113755586084,,965827,بشار بن برد,,,,,0,15,001,00101,,101,00100001,00100100,001022008,00100001063,StreetUpdate,1669026187000,SA,1674983702000,SA,6,0,,2,,,1,2,1,,,2,Bashar Bin Bard,,4,,,,Normal,,,4,,,2,,1,,,0.14275436,,17008,,,,,,,001000010055114,,,,,0,,,,,,,,,,,,,,,,,,0.00139092977442747
71053,0,0.00067083,,بقي بن محمد,,,{FAB81516-5374-4A7B-A9FA-BBBF95F2F7CD},,113755846428,,965829,بقي بن محمد,,,,,0,15,001,00101,,101,00100001,00100100,001022008,00100001063,StreetUpdate,1669026187000,SA,1674983702000,SA,6,0,,2,,,1,2,1,,,2,Bagi Bin Mohammed,,4,,,,Normal,,,4,,,2,,1,,,0.06882207,,12466,,,,,,,001000010054203,,,,,0,,,,,,,,,,,,,,,,,,0.0006708290105541051
71056,0,0.00083957,,أمين الشيبي,,,{0C9C7D48-A3EA-4C58-A811-57C5DAAE36E2},,113756285832,,965832,أمين الشيبي,,,,,0,20,001,00101,,101,00100001,00100100,001022008,00100001063,StreetUpdate,1669026187000,SA,1674983702000,SA,6,0,,2,,,1,2,1,,,1,Ameen Alshayebi,,4,,,,Normal,,,4,,,2,,1,,,0.08617301,,15593,,,,,,,001000010054868,,,,,0,,,,,,,,,,,,,,,,,,0.000839565860241306
71057,0,0.00067239,,بلال بن هرمي,,,{713B89D8-6564-4C47-871D-DA3F1274565E},,113756066384,,965833,بلال بن هرمي,,,,,0,15,001,00101,,101,00100001,00100100,001022008,00100001063,StreetUpdate,1669026187000,SA,1674983702000,SA,6,0,,2,,,1,2,1,,,2,Bilal Bin Harmi,,4,,,,Normal,,,4,,,2,,1,,,0.06903064,,12474,,,,,,,001000010054864,,,,,0,,,,,,,,,,,,,,,,,,0.000672391105881094
71060,0,0.00166345,,بدر بن عامر الهذلي,,,{7B34A30D-4131-4F43-AB3E-0A01823F5FE9},,113755325944,,965837,بدر بن عامر الهذلي,,,,,0,20,001,00101,,101,00100001,00100100,001022008,00100001063,StreetUpdate,1669026187000,SA,1674983702000,SA,6,0,,2,,,1,2,1,,,2,Badar Bin Amir Al Hazli,,4,,,,Normal,,,4,,,2,,1,,,0.18102783,,4282,,,,,,,001000010054003,,,,,0,,,,,,,,,,,,,,,,,,0.00166345095062644
71063,0,0.00070071,,بقيعه الجنوبية,,,{863A3191-3603-42B1-8065-AD61897C1CC8},,113757085774,,965840,بقيعه الجنوبية,,,,,0,15,001,00101,,101,00100001,00100100,001022008,00100001063,StreetUpdate,1669026187000,SA,1674983702000,SA,6,0,,2,,,1,2,1,,,2,Bagia Al Janubia,,4,,,,Normal,,,4,,,2,,1,,,0.07628735,,25329,,,,,,,001000010055322,,,,,0,,,,,,,,,,,,,,,,,,0.0007007097557018941
72908,0,0.00059115,,سعيد التلمساني,,,{507A65B0-F157-474F-9BFD-A0B3207097A1},,113755646396,,967714,سعيد التلمساني,,,,,0,12,001,00101,,101,00100001,00100100,001022008,00100001063,StreetUpdate,1669026187000,SA,1674983711000,SA,6,0,,2,,,1,2,1,,,2,Ain Alzaraa,,4,,,,Normal,,,4,,,2,,1,,,0.06066875,,7810,,,,,,,001000010053380,,,,,0,,,,,,,,,,,,,,,,,,0.000591146011237999
7315,0,0.00098869,,بصوة,,,{D813B802-38E0-4E7D-B2A3-13FED6FF3F53},,113758206244,,967979,بصوة,,,,,0,12,001,00101,,101,00100001,00100100,001022008,00100001063,StreetUpdate,1669026187000,SA,1674983711000,SA,6,0,,2,,,1,2,1,,,2,Baswa,,4,,,,Normal,,,4,,,2,,1,,,0.10760464,,22429,,,,,,,001000010006717,,,,,0,,,,,,,,,,,,,,,,,,0.000988689770041645
73500,0,0.00067555,,,,,{BC91A8D7-3E8E-400B-96C7-EE942290459E},,113759706522,,968349,الراعي الكلبي,,,,,0,12,001,00101,,101,00100001,00100100,001022008,00100001063,StreetUpdate,1669026187000,SA,1673782821000,SA,6,0,,2,,,1,2,1,,,2,Al Raee Al Kalbi,,4,,,,Normal,,,4,,,2,,1,,,0.06938158,,,,,,,,,001000010048630,,,,,0,,,,,,,,,,,,,,,,,,0.000675547045882788
73501,0,0.00078382,,الحسين بن عبد العزيز,,,{EB8A1D27-A8D7-4398-AADA-A8F73C954B58},,113758426550,,968350,الحسين بن عبد العزيز,,,,,0,12,001,00101,,101,00100001,00100100,001022008,00100001063,StreetUpdate,1669026187000,SA,1675576292000,SA,6,0,,2,,,1,2,1,,,2,Al Hussein Ibn Abdul Aziz,,4,,,,Normal,,,4,,,2,,1,,,0.08046163,,8654,,,,,,,001000010048605,,,,,0,,,,,,,,,,,,,,,,,,0.0007838235480801791
73502,0,0.00084539,,,,,{4F80D922-6DA7-4A73-A6F3-6B4CB57A3311},,113754425842,,968351,الأبراق,,,,,0,20,001,00101,,101,00100001,00100100,001022008,00100001063,StreetUpdate,1669026187000,SA,1673782821000,SA,6,0,,2,,,1,2,1,,,2,Al Abraq,,4,,,,Normal,,,4,,,2,,1,,,0.09003608,,,,,,,,,001000010048596,,,,,0,,,,,,,,,,,,,,,,,,0.000845390486761954
73503,0,0.00044591,,أبي القاسم الشاطبي,,,{B48C8EC0-7AEF-4408-8995-C41762F410A0},,113754466368,,968352,أبي القاسم الشاطبي,,,,,0,10,001,00101,,101,00100001,00100100,001022008,00100001063,StreetUpdate,1669026187000,SA,1675576129000,SA,6,0,,2,,,1,2,1,,,2,Abi Al Qassem Al Shatbi,,4,,,,Normal,,,4,,,2,,1,,,0.04579036,,10460,,,,,,,001000010049172,,,,,0,,,,,,,,,,,,,,,,,,0.00044591445673694503
73504,0,0.00078246,,الراعب,,,{8CB4B6A2-6989-4E04-97B5-5AE56B936EF3},,113758766480,,968353,الراعب,,,,,0,12,001,00101,,101,00100001,00100100,001022008,00100001063,StreetUpdate,1669026187000,SA,1675576323000,SA,6,0,,2,,,1,2,1,,,2,Al Raeb,,4,,,,Normal,,,4,,,2,,1,,,0.08032387,,22146,,,,,,,001000010048614,,,,,0,,,,,,,,,,,,,,,,,,0.0007824611235888971
73505,0,0.00067009,,أبي الشكر البلخي,,,{9AEF6217-DA6E-447F-9A6D-400087145224},,113759406586,,968354,أبي الشكر البلخي,,,,,0,12,001,00101,,101,00100001,00100100,001022008,00100001063,StreetUpdate,1669026187000,SA,1675576204000,SA,6,0,,2,,,1,2,1,,,2,Abi Al Shokr Al Balkhi,,4,,,,Normal,,,4,,,2,,1,,,0.06882376,,8905,,,,,,,001000010049177,,,,,0,,,,,,,,,,,,,,,,,,0.0006700909658382211
73506,0,0.00065953,,أبو القاسم السبتي,,,{E61BAFEE-71A4-490E-83DB-EC7B8530AC03},,113756986378,,968355,أبو القاسم السبتي,,,,,0,10,001,00101,,101,00100001,00100100,001022008,00100001063,StreetUpdate,1669026187000,SA,1675575836000,SA,6,0,,2,,,1,2,1,,,2,Abi al-Qasim al-Sabti,,4,,,,Normal,,,4,,,2,,1,,,0.06773528,,14306,,,,,,,001000010048586,,,,,0,,,,,,,,,,,,,,,,,,0.0006595290712357161
73507,0,0.0007909,,الحكيم القاضي,,,{DA3A4F0E-3450-462D-A0DF-E5BC256E1143},,113760226504,,968356,الحكيم القاضي,,,,,0,12,001,00101,,101,00100001,00100100,001022008,00100001063,StreetUpdate,1669026187000,SA,1695111054000,SA,6,0,,19,,,1,2,1,,,2,Al Hakim Al Qadi,,4,,,,Normal,,,4,,,2,,1,,,0.08122894,,11580,,,,,,,001000010170781,,,,,0,,,,,,,,,,,,,,,,,,0.000790898433854183
73508,0,0.00036575,,أبي القاسم السكري,,,{AAFDA9A4-1E14-4F53-95B1-CFD0B5180DBD},,113756165888,,968357,أبي القاسم السكري,,,,,0,10,001,00101,,101,00100001,00100100,001022008,00100001063,StreetUpdate,1669026187000,SA,1675575828000,SA,6,0,,2,,,1,2,1,,,1,Abi Al Qassem Al Sokari,,4,,,,Normal,,,4,,,2,,1,,,0.03983521,,9010,,,,,,,001000010049178,,,,,0,,,,,,,,,,,,,,,,,,0.000365751427644777
73510,0,0.00078385,,الحشرج,,,{4145C37A-A4D0-45FD-9182-5EEAFF91F1B4},,113756406414,,968359,الحشرج,,,,,0,12,001,00101,,101,00100001,00100100,001022008,00100001063,StreetUpdate,1669026187000,SA,1675575825000,SA,6,0,,2,,,1,2,1,,,2,Al Hashraj,,4,,,,Normal,,,4,,,2,,1,,,0.0804911,,20424,,,,,,,001000010048617,,,,,0,,,,,,,,,,,,,,,,,,0.0007838515678175301
73511,0,0.00084522,,الاباتر,,,{F5CD1564-52F5-4483-AA1C-22FCD7BADD65},,113755005910,,968360,الاباتر,,,,,0,20,001,00101,,101,00100001,00100100,001022008,00100001063,StreetUpdate,1669026187000,SA,1675575925000,SA,6,0,,2,,,1,2,1,,,2,Al Abatar,,4,,,,Normal,,,4,,,2,,1,,,0.08975006,,24094,,,,,,,001000010049173,,,,,0,,,,,,,,,,,,,,,,,,0.000845224759112076
73512,0,0.00074901,,أبو القاسم العفيف,,,{1CD15277-1E87-459D-A316-2933D1983613},,113757086162,,968361,أبو القاسم العفيف,,,,,0,10,001,00101,,101,00100001,00100100,001022008,00100001063,StreetUpdate,1669026187000,SA,1675576201000,SA,6,0,,2,,,1,2,1,,,2,Abi Al Qassem Al Afif,,4,,,,Normal,,,4,,,2,,1,,,0.07694943,,8796,,,,,,,001000010048594,,,,,0,,,,,,,,,,,,,,,,,,0.000749008918528093
73513,0,0.00079143,,أبو الشمقمق,,,{79DE9325-46D3-4516-A2ED-F88AB1A59B4A},,113757846436,,968362,أبو الشمقمق,,,,,0,12,001,00101,,101,00100001,00100100,001022008,00100001063,StreetUpdate,1669026187000,SA,1675576265000,SA,6,0,,2,,,1,2,1,,,2,Abi Al Shamqamaq,,4,,,,Normal,,,4,,,2,,1,,,0.08122876,,16964,,,,,,,001000010048625,,,,,0,,,,,,,,,,,,,,,,,,0.0007914306294281581
73514,0,0.00106984,,أبي القاسم الشاماتي,,,{327CD2ED-E1CC-484E-A578-C2CD2324BB79},,113759865860,,968363,أبي القاسم الشاماتي,,,,,0,10,001,00101,,101,00100001,00100100,001022008,00100001063,StreetUpdate,1669026187000,SA,1675575884000,SA,6,0,,2,,,1,2,1,,,1,Abi Al Qassem Al Shamati,,4,,,,Normal,,,4,,,2,,1,,,0.11648869,,9012,,,,,,,001000010048627,,,,,0,,,,,,,,,,,,,,,,,,0.0010698396821046498
7401,0,0.00097421,,بني سويف,,,{E8CA5E4E-1D18-489C-BA59-83640BA8E87F},,113758366122,,968882,بني سويف,,,,,0,12,001,00101,,101,00100001,00100100,001022008,00100001063,StreetUpdate,1669026187000,SA,1674983712000,SA,6,0,,2,,,1,2,1,,,1,Bni Soweif,,4,,,,Normal,,,4,,,2,,1,,,0.10603622,,21488,,,,,,,001000010006791,,,,,0,,,,,,,,,,,,,,,,,,0.000974205056088312
746,0,0.0020897,,ابن رشيد,,,{E13C577F-B906-493C-8598-2D9EFA5A14E0},,113752306294,,969522,ابن رشيد,,,,,0,20,001,00101,,101,00100001,00100100,001022008,00100001063,StreetUpdate,1669026187000,SA,1674983713000,SA,6,0,,2,,,1,2,1,,,2,Ibn Rasheed,,4,,,,Normal,,,4,,,2,,1,,,0.22720958,,18077,,,,,,,001000010000676,,,,,0,,,,,,,,,,,,,,,,,,0.00208970037878417
753,0,0.00291254,,ابن رواحة,,,{EDE7C844-00B1-4513-9B06-FD97D6E5DB59},,113762965800,,970124,ابن رواحة,,,,,0,12,001,00101,,101,00100001,00100100,001022008,00100001063,StreetUpdate,1669026187000,SA,1674983713000,SA,6,0,,2,,,1,2,1,,,1,Ibn Rowaha,,4,,,,Normal,,,4,,,2,,1,,,0.29911963,,7307,,,,,,,001000010000683,,,,,0,,,,,,,,,,,,,,,,,,0.0029125446496516
7604,0,0.00125835,,جامع التميمي,,,{20528DC0-375A-49F2-A0EE-3CFA8D5F5C65},,113759765784,,970669,جامع التميمي,,,,,0,10,001,00101,,101,00100001,00100100,001022008,00100001063,StreetUpdate,1669026187000,SA,1674983716000,SA,6,0,,2,,,1,2,1,,,1,Al Tamimi Mosque,,4,,,,Normal,,,4,,,2,,1,,,0.1370736,,9485,,,,,,,001000010006975,,,,,0,,,,,,,,,,,,,,,,,,0.00125834854643905
7621,0,0.00193464,,جبل ابرق راكس,,,{89E8223F-F395-4BC0-AA5C-501376D59140},,113756165898,,970856,جبل ابرق راكس,,,,,0,10,001,00101,,101,00100001,00100100,001022008,00100001063,StreetUpdate,1669026187000,SA,1674983716000,SA,6,0,,2,,,1,2,1,,,1,Abraq Rax Mountain,,4,,,,Normal,,,4,,,2,,1,,,0.19861532,,25396,,,,,,,001000010006991,,,,,0,,,,,,,,,,,,,,,,,,0.00193464383776914
7738,0,0.00117408,,جبل عماية,,,{DF19C2A8-138E-4D95-8D4C-C0FAAEF45BC0},,113760085720,,972102,جبل عماية,,,,,0,10,001,00101,,101,00100001,00100100,001022008,00100001063,StreetUpdate,1669026187000,SA,1674983716000,SA,6,0,,2,,,1,2,1,,,1,Amaya Mountain,,4,,,,Normal,,,4,,,2,,1,,,0.12054396,,25566,,,,,,,001000010007103,,,,,0,,,,,,,,,,,,,,,,,,0.00117407604660366
7798,0,0.00092325,,جزيرة أقور,,,{5EE10357-1CDA-4365-96B5-2EA14D006A5B},,113756845820,,972760,جزيرة أقور,,,,,0,15,001,00101,,101,00100001,00100100,001022008,00100001063,StreetUpdate,1669026187000,SA,1674983716000,SA,6,0,,2,,,1,2,1,,,1,Jazirat Aqour,,4,,,,Normal,,,4,,,2,,1,,,0.09473431,,25600,,,,,,,001000010007158,,,,,0,,,,,,,,,,,,,,,,,,0.00092325412409856
7815,0,0.00199873,,,,,{5DAF8BCC-268E-4EE2-BE6B-C5CA524298D4},,113755286064,,972944,جعفر المسلمي,,,,,0,20,001,00101,,101,00100001,00100100,001022008,00100001063,StreetUpdate,1669026187000,SA,1673782899000,SA,6,0,,2,,,1,2,1,,,2,Jaffar Al Maslami,,4,,,,Normal,,,4,,,2,,1,,,0.217457,,,,,,,,,001000010007173,,,,,0,,,,,,,,,,,,,,,,,,0.0019987252603685
7823,0,0.00271749,,جعفر بن أحمد,,,{BB1DD212-84B2-44C6-9754-F68EAE6DCBE1},,113756186494,,973032,جعفر بن أحمد,,,,,0,12,001,00101,,101,00100001,00100100,001022008,00100001063,StreetUpdate,1669026187000,SA,1674983716000,SA,6,0,,2,,,1,2,1,,,2,Jafar Bin Ahmad,,4,,,,Normal,,,4,,,2,,1,,,0.40748325,,9492,,,,,,,001000010007181,,,,,0,,,,,,,,,,,,,,,,,,0.00396956618900737
78404,0,0.00259361,,,,,{DF0CD14C-CD7A-40D4-A75D-CA7B1B13D0DB},,113759565878,,973221,عبدالرحمن بن صالح الشبيلي,,,,,1,20,001,00101,,101,00100001,00100100,001022008,00100001063,StreetUpdate,1669026187000,SA,1695111055000,SA,6,0,,2,,,1,2,1,,,1,Abdulrahman Bin Saleh Alsheibli,,4,,,,Normal,,,4,,,2,,1,,,1.33034223,,,,,,,,,001000010171164,,,,,0,,,,,,,,,,,,,,,,,,0.0129576726076857
7853,0,0.00174377,,جمال الدين الشاهد,,,{39002D00-7739-4536-92F8-6866F77F0BF5},,113754086318,,973358,جمال الدين الشاهد,,,,,0,15,001,00101,,101,00100001,00100100,001022008,00100001063,StreetUpdate,1669026187000,SA,1674983716000,SA,6,0,,2,,,1,2,1,,,2,Jamaluddin Al Shahed,,4,,,,Normal,,,4,,,2,,1,,,0.17902449,,17022,,,,,,,001000010007207,,,,,0,,,,,,,,,,,,,,,,,,0.0017437654048333502
7898,0,0.00141246,,,,,{C8659ACD-E96D-48CA-92EC-E18E901E4215},,113757625590,,973849,جونة,,,,,0,12,001,00101,,101,00100001,00100100,001022008,00100001063,StreetUpdate,1669026187000,SA,1673782915000,SA,6,0,,2,,,1,2,1,,,1,Jona,,4,,,,Normal,,,4,,,2,,1,,,0.15383658,,,,,,,,,001000010007248,,,,,0,,,,,,,,,,,,,,,,,,0.0014124552024107901
78988,0,0.00062006,,,,,{6E790FC8-544E-47F9-A3CE-5DA2E3A97D1C},,113757186414,,973858,ممر1,,,,,0,10,001,00101,,101,00100001,00100100,001022008,00100001063,StreetUpdate,1669026187000,SA,1673782915000,SA,6,0,,2,,,1,2,1,,,2,Mumar1,,4,,,,Normal,,,4,,,2,,1,,,0.06368546,,,,,,,,,001000010048571,,,,,0,,,,,,,,,,,,,,,,,,0.0006200593493126841
78989,0,0.00064494,,,,,{ACE1BFDB-06F6-498B-B756-19DFBC8E4DF1},,113757266472,,973859,ممر7,,,,,0,10,001,00101,,101,00100001,00100100,001022008,00100001063,StreetUpdate,1669026187000,SA,1673782915000,SA,6,0,,2,,,1,2,1,,,2,Mumar7,,4,,,,Normal,,,4,,,2,,1,,,0.06624743,,,,,,,,,001000010048588,,,,,0,,,,,,,,,,,,,,,,,,0.000644936526198509
78990,0,0.00064402,,,,,{692FF9A7-65F3-43DD-8B7E-09E692ECEC87},,113757586406,,973861,ممر21,,,,,0,10,001,00101,,101,00100001,00100100,001022008,00100001063,StreetUpdate,1669026187000,SA,1673782915000,SA,6,0,,2,,,1,2,1,,,2,Mumar21,,4,,,,Normal,,,4,,,2,,1,,,0.0661117,,,,,,,,,001000010049175,,,,,0,,,,,,,,,,,,,,,,,,0.0006440174902499521
78991,0,0.00065859,,,,,{FCAF3822-D127-49BA-B03D-AFFA40110801},,113756686444,,973862,ممر12,,,,,0,10,001,00101,,101,00100001,00100100,001022008,00100001063,StreetUpdate,1669026187000,SA,1673782915000,SA,6,0,,2,,,1,2,1,,,2,Mumar12,,4,,,,Normal,,,4,,,2,,1,,,0.06762516,,,,,,,,,001000010048603,,,,,0,,,,,,,,,,,,,,,,,,0.000658591237636737
78992,0,0.00064611,,,,,{71ED7D99-A5D7-436F-9C54-607B2EF112AF},,113759286534,,973863,ممر11,,,,,0,10,001,00101,,101,00100001,00100100,001022008,00100001063,StreetUpdate,1669026187000,SA,1673782915000,SA,6,0,,2,,,1,2,1,,,2,Mumar11,,4,,,,Normal,,,4,,,2,,1,,,0.06634495,,,,,,,,,001000010048601,,,,,0,,,,,,,,,,,,,,,,,,0.000646111810344927
78993,0,0.00066028,,,,,{E23E17AD-9FDB-4682-BE93-7E59EA8A05EC},,113758886538,,973864,ممر24,,,,,0,10,001,00101,,101,00100001,00100100,001022008,00100001063,StreetUpdate,1669026187000,SA,1673782915000,SA,6,0,,2,,,1,2,1,,,2,Mumar 24,,4,,,,Normal,,,4,,,2,,1,,,0.06774578,,,,,,,,,001000010049187,,,,,0,,,,,,,,,,,,,,,,,,0.0006602780540726761
78994,0,0.00062139,,,,,{411456D3-0103-4D74-AF23-BC3908521B5F},,113757086436,,973865,ممر2,,,,,0,10,001,00101,,101,00100001,00100100,001022008,00100001063,StreetUpdate,1669026187000,SA,1673782915000,SA,6,0,,2,,,1,2,1,,,2,Mumar2,,4,,,,Normal,,,4,,,2,,1,,,0.06381647,,,,,,,,,001000010048574,,,,,0,,,,,,,,,,,,,,,,,,0.000621386084314736
78995,0,0.00059974,,,,,{F4789605-FFD0-48E3-B9CE-B79C6EB5AFFB},,113756245920,,973866,ممر5,,,,,0,10,001,00101,,101,00100001,00100100,001022008,00100001063,StreetUpdate,1669026187000,SA,1673782915000,SA,6,0,,2,,,1,2,1,,,1,Mumar5,,4,,,,Normal,,,4,,,2,,1,,,0.06533338,,,,,,,,,001000010048585,,,,,0,,,,,,,,,,,,,,,,,,0.0005997402317712231
78996,0,0.00078069,,,,,{9ED19F12-D214-4896-9B3F-7917799FC6AB},,113755245746,,973867,ممر3,,,,,0,10,001,00101,,101,00100001,00100100,001022008,00100001063,StreetUpdate,1669026187000,SA,1695111057000,SA,6,0,,2,,,1,2,1,,,1,Mumar3,,4,,,,Normal,,,4,,,2,,1,,,0.08018259,,,,,,,,,001000010171227,,,,,0,,,,,,,,,,,,,,,,,,0.000780694874813459
7912,0,0.0026105,,حاتم بن الليث,,,{5CE67634-DE54-47B2-84C1-61D23EFC7563},,113757325722,,974000,حاتم بن الليث,,,,,0,12,001,00101,,101,00100001,00100100,001022008,00100001063,StreetUpdate,1669026187000,SA,1674983717000,SA,5,0,,2,,,1,2,1,,,1,Hatem Bin Al Leith,,4,,,,Normal,,,4,,,2,,1,,,0.26799315,,7754,,,,,,,001000010007260,,,,,0,,,,,,,,,,,,,,,,,,0.00261050108725881
80398,0,0.00064642,,الكتبان,,,{39CB4CB4-8341-4BF8-B11C-8CB430B3FCF7},,113759166558,,975374,الكتبان,,,,,0,10,001,00101,,101,00100001,00100100,001022008,00100001063,StreetUpdate,1669026187000,SA,1675576212000,SA,6,0,,2,,,1,2,1,,,2,Kitban,,4,,,,Normal,,,4,,,2,,1,,,0.06632992,,21039,,,,,,,001000010048584,,,,,0,,,,,,,,,,,,,,,,,,0.000646419380608457
8069,0,0.0012368,,حسين البوري,,,{B3AD7675-96AD-474D-8C9C-011CC454493F},,113752926340,,975649,حسين البوري,,,,,0,15,001,00101,,101,00100001,00100100,001022008,00100001063,StreetUpdate,1669026187000,SA,1674983717000,SA,6,0,,2,,,1,2,1,,,2,Hussein Al Bouri,,4,,,,Normal,,,4,,,2,,1,,,0.2883744,,6870,,,,,,,001000010007400,,,,,0,,,,,,,,,,,,,,,,,,0.0028079592594446603
8082,0,0.00451024,,الحسين بن علي,,,{AA981A9B-F542-4AEF-A905-9D924F7451CD},,113759866532,,975662,الحسين بن علي,,,,,0,12,001,00101,,101,00100001,00100100,001022008,00100001063,StreetUpdate,1669026187000,SA,1674983717000,SA,6,0,,2,,,1,2,1,,,1,Hussein Bin Ali,,4,,,,Normal,,,4,,,2,,1,,,0.4910316,,45,,,,,,,001000010007411,,,,,0,,,,,,,,,,,,,,,,,,0.00451023925148799
8136,0,0.00105565,,حقل,,,{8376C447-98F8-4B4B-BDF9-B8DE7C91A34B},,113760346268,,975712,حقل,,,,,0,12,001,00101,,101,00100001,00100100,001022008,00100001063,StreetUpdate,1669026187000,SA,1674983717000,SA,6,0,,2,,,1,2,1,,,1,Hagel,,4,,,,Normal,,,4,,,2,,1,,,0.2875627,,22457,,,,,,,001000010007456,,,,,0,,,,,,,,,,,,,,,,,,0.0028004983913716397
8138,0,0.00380065,,حكيم بن الحارث,,,{CC2DC9CD-B584-4055-BF2E-501A7D62B756},,113757286432,,975714,حكيم بن الحارث,,,,,0,12,001,00101,,101,00100001,00100100,001022008,00100001063,StreetUpdate,1669026187000,SA,1674983717000,SA,6,0,,2,,,1,2,1,,,2,Hakim Bin Al Hareith,,4,,,,Normal,,,4,,,2,,1,,,0.41388903,,1696,,,,,,,001000010007458,,,,,0,,,,,,,,,,,,,,,,,,0.0038006477799084103
8147,0,0.00118276,,حلة الأسمر,,,{FB0F207F-F564-4DEB-90F3-307A2903801B},,113754826340,,975724,حلة الأسمر,,,,,0,10,001,00101,,101,00100001,00100100,001022008,00100001063,StreetUpdate,1669026187000,SA,1674983717000,SA,6,0,,2,,,1,2,1,,,2,Hilat Al Asmar,,4,,,,Normal,,,4,,,2,,1,,,0.12136094,,21584,,,,,,,001000010007467,,,,,0,,,,,,,,,,,,,,,,,,0.00118276365711239
8184,0,0.00454623,,حمد بن عبد العزيز,,,{BD58707C-32FC-4965-A6AB-E0B2E4DC1B6D},,113756766386,,975765,حمد بن عبد العزيز,,,,,0,12,001,00101,,101,00100001,00100100,001022008,00100001063,StreetUpdate,1669026187000,SA,1674983717000,SA,6,0,,2,,,1,2,1,,,2,Hamad Bin Abdulaziz,,4,,,,Normal,,,4,,,2,,1,,,0.49499796,,12579,,,,,,,001000010007503,,,,,0,,,,,,,,,,,,,,,,,,0.00454622656144599
8384,0,0.00017515,,خليفة بن بديع,,,{441D6396-1C43-47EB-A201-19031569C5CF},,113755065986,,975984,خليفة بن بديع,,,,,1,36,001,00101,,101,00100001,00100100,001022008,00100001063,StreetUpdate,1669026187000,SA,1690710469000,SA,4,0,,2,,,6,1,1,,,2,Khalifa Bin Badae,,3,,,,Normal,,,3,,,1,,1,,,1.18768466,,6884,,,,,,,001000010007698,,,,,0,,,,,,,,,,,,,,,,,,0.0111308426622624
8389,0,0.00278144,,خليل الخالدي,,,{C6856904-58B3-47AE-9C59-56F9AB16DBB4},,113756805772,,975989,خليل الخالدي,,,,,0,15,001,00101,,101,00100001,00100100,001022008,00100001063,StreetUpdate,1669026187000,SA,1674983718000,SA,6,0,,2,,,1,2,1,,,1,Khalil Al Khaledi,,4,,,,Normal,,,4,,,2,,1,,,0.49069965,,7780,,,,,,,001000010007703,,,,,0,,,,,,,,,,,,,,,,,,0.004507849244512261
8399,0,0.00156069,,خميس الشعراء,,,{731A80CF-A88C-41F8-9409-E7818DAFAC25},,113755405572,,975998,خميس الشعراء,,,,,0,20,001,00101,,101,00100001,00100100,001022008,00100001063,StreetUpdate,1669026187000,SA,1674983718000,SA,6,0,,2,,,1,2,1,,,1,Khamis Al Shoara,,4,,,,Normal,,,4,,,2,,1,,,0.16018893,,25708,,,,,,,001000010007711,,,,,0,,,,,,,,,,,,,,,,,,0.00156069312321842
8412,0,0.0010747,,خير الدين الرملي,,,{4255A18B-9210-4822-B245-EA1E6912BAF2},,113760925860,,976010,خير الدين الرملي,,,,,0,8,001,00101,,101,00100001,00100100,001022008,00100001063,StreetUpdate,1669026187000,SA,1674983718000,SA,6,0,,2,,,1,2,1,,,1,Khairuddin Al Ramli,,4,,,,Normal,,,4,,,2,,1,,,0.30015112,,7785,,,,,,,001000010007720,,,,,0,,,,,,,,,,,,,,,,,,0.00275621191471474
8579,0,0.00131364,,رأس السر,,,{BB721ECD-AC9B-41C9-B06B-9375081005DA},,113756026084,,976198,رأس السر,,,,,0,20,001,00101,,101,00100001,00100100,001022008,00100001063,StreetUpdate,1669026187000,SA,1674983718000,SA,6,0,,2,,,1,2,1,,,2,Ras Al Sirr,,4,,,,Normal,,,4,,,2,,1,,,0.13479324,,21648,,,,,,,001000010007874,,,,,0,,,,,,,,,,,,,,,,,,0.00131363811080173
8676,0,0.00207005,,رغدان,,,{34EAF213-A6C0-4656-8B6D-DEF5BFE12397},,113753286184,,976299,رغدان,,,,,0,20,001,00101,,101,00100001,00100100,001022008,00100001063,StreetUpdate,1669026187000,SA,1674983719000,SA,6,0,,2,,,1,2,1,,,2,Raghdan,,4,,,,Normal,,,4,,,2,,1,,,0.44412187,,21662,,,,,,,001000010007965,,,,,0,,,,,,,,,,,,,,,,,,0.0040814786209804705
8707,0,0.00141191,,,,,{443F3073-4E17-4D95-A431-A3982D6A73CE},,113757865600,,976331,رميحة,,,,,0,10,001,00101,,101,00100001,00100100,001022008,00100001063,StreetUpdate,1669026187000,SA,1673782961000,SA,6,0,,2,,,1,2,1,,,1,Ramiha,,4,,,,Normal,,,4,,,2,,1,,,0.15377475,,,,,,,,,001000010007993,,,,,0,,,,,,,,,,,,,,,,,,0.00141190900046175
8845,0,0.00523063,,زيد بن أسلم,,,{00F6FA7E-B2F9-4F2A-8601-99761DC183D6},,113754945760,,976472,زيد بن أسلم,,,,,1,20,001,00101,,101,00100001,00100100,001022008,00100001063,StreetUpdate,1669026187000,SA,1674983722000,SA,5,0,,2,,,1,2,1,,,2,Zaid Bin Aslam,,4,,,,Normal,,,4,,,2,,1,,,0.55494303,,7797,,,,,,,001000010008120,,,,,0,,,,,,,,,,,,,,,,,,0.00523062558007419
8896,0,0.00349994,,سالم بن عبد الله,,,{44E23DA9-6E3A-42E1-8E5E-63B05E710121},,113761665946,,976526,سالم بن عبد الله,,,,,0,10,001,00101,,101,00100001,00100100,001022008,00100001063,StreetUpdate,1669026187000,SA,1674983722000,SA,6,0,,2,,,1,2,1,,,1,Salem Bin Abdullah,,4,,,,Normal,,,4,,,2,,1,,,0.3593958,,12672,,,,,,,001000010008170,,,,,0,,,,,,,,,,,,,,,,,,0.00349994250882057
8911,0,0.0012952,,سبط السلاوي,,,{F369CB57-D28F-42F9-AEFF-9BAC3BB2A536},,113762305808,,976542,سبط السلاوي,,,,,0,10,001,00101,,101,00100001,00100100,001022008,00100001063,StreetUpdate,1669026187000,SA,1674983722000,SA,6,0,,2,,,1,2,1,,,1,Sabat Al Selawi,,4,,,,Normal,,,4,,,2,,1,,,0.14094549,,7803,,,,,,,001000010008183,,,,,0,,,,,,,,,,,,,,,,,,0.00129519508180309
9022,0,0.00313283,,سعيد التلمساني,,,{74C720F2-0CBC-4858-AA83-6F08A080F7D0},,113757846162,,976650,سعيد التلمساني,,,,,0,12,001,00101,,101,00100001,00100100,001022008,00100001063,StreetUpdate,1669026187000,SA,1674983723000,SA,6,0,,2,,,1,2,1,,,2,Saeed Al Telmesani,,4,,,,Normal,,,4,,,2,,1,,,0.34105665,,7810,,,,,,,001000010008275,,,,,0,,,,,,,,,,,,,,,,,,0.0031328296319915
9164,0,0.0007449,,سليمان العمري,,,{14A548D4-8E62-4454-8C60-AE1A9CB62548},,113758286182,,976793,سليمان العمري,,,,,0,10,001,00101,,101,00100001,00100100,001022008,00100001063,StreetUpdate,1669026187000,SA,1674983723000,SA,6,0,,2,,,1,2,1,,,1,Soliman Al Amri,,4,,,,Normal,,,4,,,2,,1,,,0.49921758,,18737,,,,,,,001000010008408,,,,,0,,,,,,,,,,,,,,,,,,0.0045854002662047
943,0,0.00117502,,ابن غانية,,,{EC7FA28E-5333-47F5-AD69-29BF4708DBDF},,113759066300,,977065,ابن غانية,,,,,0,10,001,00101,,101,00100001,00100100,001022008,00100001063,StreetUpdate,1669026187000,SA,1674983724000,SA,6,0,,2,,,1,2,1,,,2,Ibn Ghania,,4,,,,Normal,,,4,,,2,,1,,,0.12060344,,5869,,,,,,,001000010000863,,,,,0,,,,,,,,,,,,,,,,,,0.00117502368526513
9441,0,0.00278525,,شعيرة,,,{4970158E-29FB-4A81-B3B9-8EDE90D797D6},,113759266578,,977076,شعيرة,,,,,0,12,001,00101,,101,00100001,00100100,001022008,00100001063,StreetUpdate,1669026187000,SA,1674983724000,SA,6,0,,2,,,1,2,1,,,2,Shaeera,,4,,,,Normal,,,4,,,2,,1,,,0.3835803,,22541,,,,,,,001000010008665,,,,,0,,,,,,,,,,,,,,,,,,0.00352283002445168
9669,0,0.00237637,,ضباء,,,{EC7C66D1-74DF-4B0F-815A-12B20651FC16},,113754386008,,977311,ضباء,,,,,0,20,001,00101,,101,00100001,00100100,001022008,00100001063,StreetUpdate,1669026187000,SA,1674983724000,SA,6,0,,2,,,1,2,1,,,2,Diba,,4,,,,Normal,,,4,,,2,,1,,,0.40492563,,21783,,,,,,,001000010008881,,,,,0,,,,,,,,,,,,,,,,,,0.003943414855791471
