trip_id,lat,lon,pickup_time,dropoff_time,distance_km,duration_sec,cost,car_model,car_cat,gender,gps_points,max_speed,avg_speed
1196250,24.696808,46.705399,2016-01-31 20:50:48,2016-01-31 20:57:32,1.97,404,25,Yukon,Sedan,male,60,56.9,17.8
1196231,,,2016-01-31 20:18:10,2016-01-31 23:14:04,13.4,0,,Yukon,,male,1503,55.1,3.0
1196207,,,2016-01-31 19:07:37,2016-01-31 19:21:14,4.68,0,,Yukon,,female,142,87.5,20.6
1196201,,,2016-01-31 18:46:31,2016-01-31 19:35:42,22.99,0,,Yukon,,female,588,143.3,27.0
1196125,,,2016-01-31 17:00:44,2016-01-31 17:31:08,23.52,0,,Yukon,,N/A,384,157.0,45.1
1195860,,,2016-01-31 11:04:12,2016-01-31 11:27:09,22.7,0,,Yukon,,female,292,159.8,51.8
1195832,,,2016-01-31 09:59:48,2016-01-31 10:12:29,6.4,0,,Taurus,,female,131,64.5,30.3
1195827,,,2016-01-31 09:31:58,2016-01-31 10:14:31,21.88,0,,Yukon,,female,507,132.8,28.4
1195823,,,2016-01-31 09:21:06,2016-01-31 09:35:22,6.22,0,,Taurus,,male,170,74.9,26.2
1195810,,,2016-01-31 08:41:40,2016-01-31 08:49:42,3.64,0,,Yukon,,N/A,115,112.9,27.2
1195790,,,2016-01-31 08:25:14,2016-01-31 08:45:35,11.37,0,,Taurus,,female,223,137.8,33.4
1195761,,,2016-01-31 06:30:13,2016-01-31 06:57:49,35.43,0,,Yukon,,N/A,331,151.8,74.2
1195679,,,2016-01-31 01:11:33,2016-01-31 01:30:52,14.33,0,,Yukon,,N/A,230,150.7,44.5
1195670,,,2016-01-31 03:54:43,2016-01-31 05:18:26,27.22,0,,Yukon,,female,983,131.0,19.3
1195779,,,2016-01-31 07:15:05,2016-01-31 07:28:34,6.71,0,,Taurus,,female,161,82.6,28.9
1196041,,,2016-01-31 15:04:08,2016-01-31 15:41:04,16.37,0,,Yukon,,female,442,107.4,26.0
1195749,,,2016-01-31 05:53:40,2016-01-31 05:59:06,2.22,0,,Yukon,,female,64,68.0,24.8
1195715,,,2016-01-31 04:39:55,2016-01-31 05:21:28,22.49,0,,Yukon,,female,511,172.0,30.8
1196247,,,2016-01-31 20:38:51,2016-01-31 21:09:38,24.85,0,,Expedition ,,female,369,151.3,46.3
1196241,,,2016-01-31 20:28:24,2016-01-31 21:44:32,50.53,0,,Taurus,,N/A,913,117.7,39.7
1196233,,,2016-01-31 20:19:39,2016-01-31 20:37:56,8.4,0,,Camry,,female,239,144.5,26.5
1196222,,,2016-01-31 19:55:57,2016-01-31 20:04:47,4.39,0,,Camry,,female,85,79.4,30.3
1196215,,,2016-01-31 19:20:47,2016-01-31 19:46:02,17.05,0,,Innova,,N/A,322,535.2,39.4
1196214,,,2016-01-31 19:30:08,2016-01-31 19:45:54,5.5,0,,Expedition ,,female,208,128.1,20.9
1196205,,,2016-01-31 19:14:38,2016-01-31 19:45:52,18.28,0,,Prado,,female,349,117.2,35.1
1196203,,,2016-01-31 18:54:05,2016-01-31 19:01:14,4.41,0,,Sonata,,male,105,99.2,9.0
1196200a,,,2016-01-31 18:45:58,2016-01-31 18:48:37.743842,1.0566876092472315,0,,SONATA,,female,34,49.1,23.1
1196200b,,,2016-01-31 19:26:37.724138,2016-01-31 19:35:06,3.337235240925927,0,,SONATA,,female,104,79.5,23.9
1196198,,,2016-01-31 18:42:57,2016-01-31 18:55:57,4.56,0,,Cadillac,,female,155,65.2,21.2
1196193,,,2016-01-31 18:37:14,2016-01-31 18:45:33,1.32,0,,Prado,,N/A,91,1724962.6,37920.2
1196190,,,2016-01-31 18:16:02,2016-01-31 18:26:26,7.78,0,,Innova,,female,124,116.9,40.3
1196188,,,2016-01-31 18:28:25,2016-01-31 18:53:18,18.3,0,,Accrode,,female,296,109.1,43.0
1196186,,,2016-01-31 18:23:12,2016-01-31 18:55:23,8.22,0,,Elentra,,female,385,72.8,15.4
1196181,,,2016-01-31 18:27:00,2016-01-31 18:58:41,27.57,0,,Innova,,N/A,379,144.9,47.8
1196180,,,2016-01-31 18:10:59,2016-01-31 18:15:11,1.32,0,,CAMARE,,male,49,60.9,19.0
1196179,,,2016-01-31 17:56:55,2016-01-31 18:20:54,5.91,0,,Fortuner ,,female,257,64.6,22.0
1196175,,,2016-01-31 17:57:24,2016-01-31 18:11:51,5.54,0,,Sonata,,male,152,65.0,23.1
1196168,,,2016-01-31 17:53:38,2016-01-31 18:15:41,12.84,0,,Innova,,female,263,134.2,23.8
1196170a,,,2016-01-31 17:48:59,2016-01-31 18:03:55.849406,4.473164396405009,0,,Prado,,N/A,108,74.7,17.8
1196170b,,,2016-01-31 19:10:08.808454,2016-01-31 19:19:47.150594,4.297937342784421,0,,Prado,,N/A,70,81.3,26.4
1196170c,,,2016-01-31 21:14:45.347424,2016-01-31 21:20:29,1.0919008700477617,0,,Prado,,N/A,40,28.0,11.7
1196163,,,2016-01-31 17:42:54,2016-01-31 18:01:28,10.49,0,,Accrode,,female,222,113.5,33.4
1196161,,,2016-01-31 17:14:59,2016-01-31 17:54:36,13.75,0,,Innova,,female,474,111.0,19.6
1196160,,,2016-01-31 17:28:00,2016-01-31 17:47:34,15.41,0,,Fortuner,,N/A,183,125.2,24.4
1196148,,,2016-01-31 17:12:22,2016-01-31 17:19:21,1.68,0,,SONATA,,N/A,83,48.5,14.5
1196145,,,2016-01-31 16:56:23,2016-01-31 17:54:08,16.72,0,,Innova,,female,635,147.3,14.2
1196128,,,2016-01-31 16:49:30,2016-01-31 17:14:53,15.35,0,,Camry,,female,289,151.8,34.1
1196110,,,2016-01-31 16:53:43,2016-01-31 17:11:00,16.77,0,,Innova,,female,198,159.2,36.4
1196100,,,2016-01-31 16:28:15,2016-01-31 16:31:41,1.3,0,,Camry,,female,29,130.2,16.0
1196098,,,2016-01-31 16:18:26,2016-01-31 16:57:09,21.24,0,,Azeera,,female,461,106.6,27.1
1196091a,,,2016-01-31 16:14:56,2016-01-31 16:32:22.901587,10.396545530966792,0,,Innova,,male,215,94.1,35.6
1196091b,,,2016-01-31 17:14:36.990476,2016-01-31 17:31:59,11.41948382268098,0,,Innova,,male,212,97.1,37.0
1196074,,,2016-01-31 15:52:41,2016-01-31 16:09:08,11.18,0,,Innova,,female,216,145.2,25.1
1196071,,,2016-01-31 15:45:53,2016-01-31 16:01:18,11.43,0,,Azeera,,female,164,780.4,43.2
1196066,,,2016-01-31 15:43:44,2016-01-31 15:58:21,3.69,0,,GMC,,N/A,174,63.3,15.3
1196065,,,2016-01-31 15:39:08,2016-01-31 15:48:44,6.48,0,,Santafe,,female,114,157.3,25.2
1196061a,,,2016-01-31 15:29:42,2016-01-31 15:45:33.514286,5.930403064271197,0,,Fortuner,,N/A,102,102.1,26.3
1196061b,,,2016-01-31 16:50:20.984416,2016-01-31 17:07:39,8.777195498991825,0,,Fortuner,,N/A,288,848.0,18.2
1196056,,,2016-01-31 15:24:32,2016-01-31 16:04:37,10.78,0,,Fortuner,,female,311,112.9,12.5
1196054,,,2016-01-31 15:21:10,2016-01-31 16:00:52,9.86,0,,Fortuner,,female,495,75.2,15.0
1196047,,,2016-01-31 15:14:47,2016-01-31 15:57:58,24.93,0,,INNOVA,,female,535,146.5,33.2
1196037,,,2016-01-31 14:41:19,2016-01-31 14:56:22,6.75,0,,Innova,,female,156,92.4,23.7
1196033,,,2016-01-31 14:17:26,2016-01-31 14:21:15,0.81,0,,Innova,,female,47,56.4,12.8
1196019a,,,2016-01-31 14:18:54,2016-01-31 14:42:14.527357,9.860112468007785,0,,Fortuner,,female,201,65.7,25.2
1196019b,,,2016-01-31 15:40:07.835201,2016-01-31 17:15:57,53.72847609020661,0,,Fortuner,,female,820,139.0,33.7
1196009,,,2016-01-31 14:02:45,2016-01-31 14:06:19,0.0,0,,Taurus,,male,42,0.6,0.0
1196006,,,2016-01-31 14:05:33,2016-01-31 14:41:00,28.79,0,,Lexus,,female,444,148.3,48.5
1196002,,,2016-01-31 13:54:57,2016-01-31 14:18:20,10.1,0,,Camry,,female,279,141.9,25.9
1196003,,,2016-01-31 14:02:36,2016-01-31 14:29:30,15.4,0,,Fortuner,,female,312,135.8,33.6
1195999,,,2016-01-31 13:58:31,2016-01-31 14:21:03,5.05,0,,Sportage (KIA),,female,249,43.9,13.5
1195996,,,2016-01-31 14:08:04,2016-01-31 14:20:03,3.85,0,,Lexus,,female,163,73.2,19.4
1195992,,,2016-01-31 14:06:18,2016-01-31 15:52:30,37.81,0,,Sonata,,N/A,1274,729.6,21.7
1195993,,,2016-01-31 13:35:53,2016-01-31 13:37:19,0.0,0,,Taurus,,male,16,0.0,0.0
1195987,,,2016-01-31 13:54:46,2016-01-31 14:11:40,6.15,0,,prado,,female,184,176.3,15.0
1195977,,,2016-01-31 13:48:30,2016-01-31 13:58:14,1.07,0,,santafe,,female,96,41.5,6.9
1195979,,,2016-01-31 13:33:41,2016-01-31 14:10:15,28.33,0,,Innova,,female,418,148.9,45.4
1195972,,,2016-01-31 13:35:13,2016-01-31 13:53:10,3.29,0,,Accrode,,N/A,215,101.1,11.0
1195970,,,2016-01-31 13:32:18,2016-01-31 14:07:22,34.85,0,,Sonata,,male,419,148.8,59.2
1195967,,,2016-01-31 13:16:26,2016-01-31 13:48:38,29.32,0,,Innova,,N/A,386,154.8,54.7
1195965,,,2016-01-31 13:08:10,2016-01-31 13:39:50,10.32,0,,Fortuner,,female,379,96.2,9.6
1195959,,,2016-01-31 13:10:36,2016-01-31 13:51:59,20.97,0,,Elentra,,female,475,148.1,28.3
1195958,,,2016-01-31 13:14:25,2016-01-31 13:54:50,15.76,0,,Azeera,,female,477,149.5,23.7
1195950,,,2016-01-31 12:56:54,2016-01-31 13:02:22,4.98,0,,Innova,,female,84,97.2,42.2
1195949,,,2016-01-31 13:08:02,2016-01-31 14:01:36,21.93,0,,camry,,N/A,634,113.7,23.7
1195943,,,2016-01-31 12:49:38,2016-01-31 13:03:33,6.66,0,,FORTUNER,,female,166,103.0,28.9
1195942,,,2016-01-31 12:57:18,2016-01-31 13:15:04,9.23,0,,Prado ,,N/A,212,157.8,31.3
1195936,,,2016-01-31 12:46:38,2016-01-31 13:02:38,7.87,0,,santafe,,female,191,85.4,27.8
1195928,,,2016-01-31 12:20:51,2016-01-31 12:35:40,10.34,0,,Fortuner,,female,176,115.6,42.1
1195917,,,2016-01-31 12:21:57,2016-01-31 12:49:28,15.81,0,,Taurus,,female,339,120.9,34.0
1195915,,,2016-01-31 11:56:59,2016-01-31 12:00:11,0.0,0,,Taurus,,male,17,3.8,0.8
1195906,,,2016-01-31 11:46:27,2016-01-31 12:19:27,7.96,0,,Innova,,female,414,69.1,14.6
1195899,,,2016-01-31 11:31:54,2016-01-31 12:04:45,25.03,0,,Camry,,female,338,152.9,40.4
1195890,,,2016-01-31 11:20:14,2016-01-31 11:26:22,0.0,0,,Taurus,,male,52,0.0,0.0
1195882,,,2016-01-31 11:30:32,2016-01-31 12:13:54,22.1,0,,prado,,female,639,325.8,20.7
1195884,,,2016-01-31 11:14:02,2016-01-31 11:40:51,12.56,0,,Camry,,female,334,134.0,27.1
1195880,,,2016-01-31 11:20:22,2016-01-31 11:53:58,23.34,0,,Innova,,female,364,120.9,36.2
1195879,,,2016-01-31 11:16:50,2016-01-31 11:28:32,7.56,0,,Tahoe,,female,119,76.7,39.0
1195870,,,2016-01-31 11:44:57,2016-01-31 12:30:47,23.07,0,,Fortuner ,,female,378,151.4,20.5
1195871,,,2016-01-31 11:42:47,2016-01-31 11:57:14,4.08,0,,Innova,,female,155,112.7,17.0
1195858,,,2016-01-31 10:32:55,2016-01-31 11:09:29,18.8,0,,Innova,,male,418,158.0,30.3
1195857,,,2016-01-31 10:34:38,2016-01-31 11:05:37,17.88,0,,Camry,,female,293,155.9,29.3
1195846,,,2016-01-31 10:46:38,2016-01-31 11:09:25,13.9,0,,Fortuner,,female,252,153.3,31.9
1195843,,,2016-01-31 10:11:07,2016-01-31 10:16:39,0.09,0,,Taurus,,male,86,106.5,4.8
1195840,,,2016-01-31 10:08:04,2016-01-31 10:24:19,9.63,0,,Innova,,female,214,143.6,34.0
1195835,,,2016-01-31 10:04:12,2016-01-31 10:25:20,16.15,0,,Expedition,,N/A,233,114.2,44.5
1195834,,,2016-01-31 10:07:53,2016-01-31 10:36:03,28.02,0,,Fortuner ,,female,338,144.4,53.7
1195833,,,2016-01-31 09:59:57,2016-01-31 10:47:38,10.98,0,,Innova,,female,551,116.8,13.4
1195828,,,2016-01-31 09:26:59,2016-01-31 09:28:08,0.0,0,,Taurus,,male,13,9.0,1.8
1195829,,,2016-01-31 09:53:06,2016-01-31 10:22:57,21.07,0,,Fortuner,,male,365,136.0,36.7
1195825,,,2016-01-31 09:20:38,2016-01-31 09:53:19,23.23,0,,Fortuner,,female,371,151.0,40.9
1195824,,,2016-01-31 11:01:05,2016-01-31 11:31:25,16.88,0,,Lexus,,female,342,1765092.4,10345.1
1195821,,,2016-01-31 09:35:32,2016-01-31 09:56:44,15.41,0,,Cadillac,,female,272,145.6,39.2
1195815,,,2016-01-31 09:07:56,2016-01-31 09:58:57,33.96,0,,camry,,female,588,132.5,39.6
1195808,,,2016-01-31 08:49:40,2016-01-31 10:04:39,47.81,0,,Taurus,,female,779,159.1,30.7
1195806,,,2016-01-31 08:35:13,2016-01-31 08:50:58,4.28,0,,Innova,,female,187,78.9,16.3
1195805,,,2016-01-31 08:41:07,2016-01-31 09:02:16,16.64,0,,Camry,,female,214,109.6,29.1
1195804,,,2016-01-31 08:32:18,2016-01-31 09:20:39,14.83,0,,Fortuner,,female,579,157.4,17.7
1195799,,,2016-01-31 08:28:51,2016-01-31 08:57:16,25.71,0,,Cadillac,,male,340,159.5,49.7
1195793a,,,2016-01-31 08:35:10,2016-01-31 09:00:29.354108,26.720636758447725,0,,GMC,,female,305,112.8,63.1
1195793b,,,2016-01-31 09:40:28.334278,2016-01-31 10:32:47,34.167884247235214,0,,GMC,,female,627,120.7,39.0
1195777a,,,2016-01-31 07:11:07,2016-01-31 08:19:08.687500,30.114135903430626,0,,Sportage (KIA),,female,503,122.6,26.6
1195777b,,,2016-01-31 10:02:26.220745,2016-01-31 10:29:01,20.358707306464602,0,,Sportage (KIA),,female,216,75.7,42.3
1195775,,,2016-01-31 06:59:02,2016-01-31 07:46:15,26.74,0,,Camry,,female,557,144.6,33.0
1195774,,,2016-01-31 07:04:10,2016-01-31 07:49:07,18.14,0,,Fortuner,,N/A,539,137.9,23.2
1195756,,,2016-01-31 06:08:27,2016-01-31 06:38:01,23.59,0,,Altima,,male,344,152.0,24.7
1195754,,,2016-01-31 06:14:32,2016-01-31 06:43:34,14.95,0,,Fortuner,,N/A,348,97.9,12.8
1195753,,,2016-01-31 06:13:38,2016-01-31 06:52:29,24.67,0,,Fortuner,,female,446,133.5,36.0
1195741,,,2016-01-31 05:41:44,2016-01-31 05:58:45,15.72,0,,Santafe,,male,222,1710.6,36.5
1195740,,,2016-01-31 05:26:41,2016-01-31 05:36:23,10.97,0,,santafe,,female,136,148.9,66.1
1195739,,,2016-01-31 05:17:26,2016-01-31 05:30:53,5.59,0,,Innova,,female,181,97.6,25.0
1195729,,,2016-01-31 05:05:45,2016-01-31 05:13:42,4.16,0,,Tausan,,female,115,95.8,31.7
1195728,,,2016-01-31 05:02:02,2016-01-31 05:28:03,13.24,0,,Prado,,N/A,311,95.0,30.6
1195725,,,2016-01-31 04:39:02,2016-01-31 05:00:24,9.98,0,,Fortuner,,female,255,115.5,28.2
1195720,,,2016-01-31 04:47:08,2016-01-31 05:00:04,4.38,0,,Camry,,female,154,70.9,20.3
1195719,,,2016-01-31 04:32:41,2016-01-31 04:45:35,9.5,0,,Innova,,N/A,173,105.3,44.3
1195718,,,2016-01-31 04:31:10,2016-01-31 04:55:39,20.38,0,,Innova,,female,293,147.7,49.6
1195716,,,2016-01-31 04:31:35,2016-01-31 04:57:55,14.12,0,,Fortuner,,female,295,92.4,31.7
1195710,,,2016-01-31 04:01:24,2016-01-31 04:54:27,16.97,0,,Lexus,,female,655,107.4,19.2
1195707,,,2016-01-31 03:50:17,2016-01-31 04:22:45,26.19,0,,Taurus,,female,369,147.4,44.9
1195701,,,2016-01-31 03:19:13,2016-01-31 03:41:24,13.68,0,,Innova,,female,285,155.0,33.7
1195692,,,2016-01-31 02:41:15,2016-01-31 02:44:21,0.33,0,,SONATA,,female,16,17.1,7.0
1195683,,,2016-01-31 01:19:28,2016-01-31 01:34:41,12.45,0,,Lexus,,N/A,180,151.6,49.2
1195684,,,2016-01-31 01:27:37,2016-01-31 01:46:37,14.69,0,,Taures,,female,227,130.5,45.9
1195663,,,2016-01-30 22:26:46,2016-01-30 22:50:44,19.13,0,,Taures,,N/A,267,135.8,44.5
1195660,,,2016-01-30 22:38:17,2016-01-30 23:54:19,66.12,0,,prado,,N/A,913,417.3,42.2
1195658,,,2016-01-30 21:53:41,2016-01-30 22:20:44,20.23,0,,Camry,,female,304,160.0,42.2
1195655,,,2016-01-30 21:17:18,2016-01-30 21:26:12,7.41,0,,Taures,,N/A,106,144.5,46.5
1195653,,,2016-01-30 21:56:50,2016-01-30 22:15:50,29.79,0,,CAMARE,,female,215,116.4,65.1
1195650,,,2016-01-30 21:22:27,2016-01-30 21:34:10,11.37,0,,Camry,,female,140,145.6,52.8
1195649,,,2016-01-30 21:19:58,2016-01-30 21:24:41,1.84,0,,Elentra,,male,55,48.4,20.6
1195619,,,2016-01-31 04:35:50,2016-01-31 05:36:03,19.99,0,,santafe,,female,742,148.1,19.9
1195781,,,2016-01-31 07:37:04,2016-01-31 07:50:48,9.22,0,,Fortuner,,female,164,158.2,32.6
1194844,,,2016-01-31 04:26:05,2016-01-31 05:29:53,57.02,0,,lexus,,female,764,152.9,47.0
1195708,,,2016-01-31 03:57:52,2016-01-31 04:33:21,16.94,0,,Tausan,,female,388,126.0,25.8
1195862,,,2016-01-31 11:00:06,2016-01-31 11:41:14,25.38,0,,Innova,,female,513,124.2,34.2
1196036,,,2016-01-31 14:41:14,2016-01-31 14:48:29,2.36,0,,elantra,,female,86,70.3,19.5
1195826,,,2016-01-31 09:42:24,2016-01-31 10:53:10,50.32,0,,Lexus,,male,854,157.8,40.3
1195901,,,2016-01-31 12:02:14,2016-01-31 13:23:32,57.17,0,,Innova,,N/A,994,159.7,38.6
1195886,,,2016-01-31 13:21:45,2016-01-31 13:24:06,0.0,0,,CAMARE,,male,28,13.4,1.7
1196216,,,2016-01-31 19:19:09,2016-01-31 20:20:22,31.96,0,,Sonata,,N/A,728,145.8,30.5
1196045,,,2016-01-31 15:07:35,2016-01-31 15:31:42,21.06,0,,Innova,,female,288,123.4,51.7
1195983,,,2016-01-31 13:40:14,2016-01-31 13:49:33,6.76,0,,Innova,,female,111,146.0,43.6
1195734,,,2016-01-31 05:03:52,2016-01-31 05:21:41,6.64,0,,Taurus,,female,193,85.5,22.4
1195731,,,2016-01-31 05:21:11,2016-01-31 05:46:56,17.2,0,,Lexus,,female,308,100.9,39.9
1195721,,,2016-01-31 04:38:50,2016-01-31 05:12:48,19.92,0,,Altima,,female,386,574.3,26.0
1196209,,,2016-01-31 19:15:56,2016-01-31 19:29:54,4.99,0,,Azeera,,N/A,187,116.8,24.2
1195847,,,2016-01-31 10:26:02,2016-01-31 11:15:26,34.86,0,,Innova,,female,612,147.4,41.1
1196015,,,2016-01-31 14:16:40,2016-01-31 14:32:53,12.12,0,,Elentra,,female,214,106.4,43.4
1195923,,,2016-01-31 13:13:20,2016-01-31 13:24:31,6.14,0,,Innova,,female,133,148.8,33.1
1195864,,,2016-01-31 11:12:19,2016-01-31 11:50:25,10.98,0,,Elentra,,N/A,456,129.2,17.4
1195745,,,2016-01-31 06:45:47,2016-01-31 07:36:55,38.2,0,,Elentra,,female,633,125.7,43.8
1195717,,,2016-01-31 04:34:20,2016-01-31 09:34:40,54.47,0,,Taurus,,female,1498,142.5,6.1
1195700,,,2016-01-31 03:36:29,2016-01-31 05:05:49,37.87,0,,SONATA,,N/A,1050,149.6,24.7
1195607,,,2016-01-30 19:23:36,2016-01-30 19:44:29,11.19,0,,Yukon,,female,230,124.9,32.2
1195582,,,2016-01-30 18:50:11,2016-01-30 19:45:47,27.6,0,,Yukon,,N/A,667,494.8,29.5
1195543,,,2016-01-30 17:28:09,2016-01-30 17:59:41,13.83,0,,Yukon,,female,397,144.9,26.2
1195527,,,2016-01-30 17:19:06,2016-01-30 18:03:51,27.87,0,,Yukon,,N/A,556,118.1,36.5
1195260,,,2016-01-30 05:54:59,2016-01-30 05:59:50,1.91,0,,Yukon,,N/A,57,62.2,23.7
1195232,,,2016-01-30 04:59:25,2016-01-30 05:21:05,15.84,0,,Yukon,,female,259,136.9,43.2
1195193,,,2016-01-30 01:16:18,2016-01-30 02:19:50,23.37,0,,Yukon,,female,742,112.7,22.1
1195170,,,2016-01-30 00:30:07,2016-01-30 01:04:38,19.97,0,,Yukon,,female,394,133.9,34.6
1195167,,,2016-01-30 00:20:37,2016-01-30 00:43:15,16.79,0,,Yukon,,female,251,106.0,44.5
1195084,,,2016-01-29 21:37:39,2016-01-29 22:07:36,39.65,0,,Yukon,,female,318,123.5,59.8
1195412,,,2016-01-30 16:09:25,2016-01-30 16:52:30,21.19,0,,Yukon,,female,515,117.9,27.8
1195628,,,2016-01-30 20:26:47,2016-01-30 21:26:38,50.12,0,,Yukon,,N/A,698,151.6,48.6
1195346,,,2016-01-30 11:59:03,2016-01-30 12:28:27,33.08,0,,Yukon,,male,371,117.4,67.7
1195219,,,2016-01-30 03:31:57,2016-01-30 03:53:27,25.5,0,,Yukon,,female,277,136.9,69.0
1195646,,,2016-01-30 21:09:13,2016-01-30 21:26:24,18.79,0,,Taurus,,N/A,226,139.7,63.3
1195645,,,2016-01-30 20:58:16,2016-01-30 21:27:01,22.74,0,,Fortuner,,female,363,139.9,44.7
1195644,,,2016-01-30 20:50:27,2016-01-30 21:19:57,33.39,0,,Sonata,,N/A,353,133.7,67.4
1195643,,,2016-01-30 21:10:35,2016-01-30 21:31:49,15.41,0,,Mazda 6,,female,233,116.1,28.1
1195642,,,2016-01-30 20:44:16,2016-01-30 21:03:14,21.05,0,,Taures,,N/A,225,125.7,65.7
1195640,,,2016-01-30 20:56:23,2016-01-30 21:19:26,15.91,0,,Sonata,,female,270,1565.7,26.6
1195639,,,2016-01-30 20:48:04,2016-01-30 21:11:14,22.13,0,,prado,,female,293,157.6,39.5
1195636,,,2016-01-30 20:17:05,2016-01-30 20:43:48,22.42,0,,Elantra,,female,300,497.8,17.9
1195618,,,2016-01-30 19:47:41,2016-01-30 20:57:14,7.2,0,,Fortuner,,N/A,855,84.6,5.9
1195615,,,2016-01-30 20:01:29,2016-01-30 20:10:03,19.04,0,,Fortuner ,,female,181,158.6,42.1
1195612,,,2016-01-30 19:09:35,2016-01-30 19:14:26,2.45,0,,Sonata,,female,58,61.2,30.6
1195611,,,2016-01-30 19:28:03,2016-01-30 21:11:03,25.59,0,,Elentra,,female,1226,155.0,14.7
1195598,,,2016-01-30 19:06:11,2016-01-30 19:57:28,33.36,0,,Prado,,female,594,139.8,37.4
1195595,,,2016-01-30 18:44:48,2016-01-30 20:08:35,25.43,0,,Prado,,female,984,111.1,18.2
1195588,,,2016-01-30 18:47:42,2016-01-30 19:37:25,30.2,0,,Fortuner,,female,606,127.8,27.8
1195567,,,2016-01-30 18:02:20,2016-01-30 18:12:04,5.1,0,,Taurus,,female,115,68.7,31.4
1195568,,,2016-01-30 17:55:54,2016-01-30 18:43:23,42.45,0,,Prado,,female,548,148.1,50.6
1195566,,,2016-01-30 18:10:23,2016-01-30 19:26:12,51.77,0,,Fortuner,,N/A,914,149.5,19.7
1195562,,,2016-01-30 17:56:57,2016-01-30 18:08:24,10.64,0,,Camry,,female,156,133.5,51.8
1195549,,,2016-01-30 17:17:26,2016-01-30 17:42:56,24.19,0,,Sonata,,male,303,150.5,54.4
1195540,,,2016-01-30 17:18:35,2016-01-30 17:40:32,17.31,0,,Fortuner ,,female,242,147.6,43.4
1195537,,,2016-01-30 17:22:53,2016-01-30 17:48:28,19.26,0,,Fortuner,,female,253,116.6,37.2
1195535,,,2016-01-30 17:05:16,2016-01-30 17:55:47,0.0,0,,Tuscan,,N/A,585,12047.7,169.4
1195534,,,2016-01-30 17:06:50,2016-01-30 17:17:25,2.83,0,,Sportage (KIA),,female,106,60.3,16.1
1195524,,,2016-01-30 16:40:55,2016-01-30 17:01:51,17.81,0,,Innova,,female,225,99.1,43.7
1195523,,,2016-01-30 16:51:37,2016-01-30 16:56:21,1.74,0,,Innova,,male,76,73.6,22.2
1195520,,,2016-01-30 16:38:13,2016-01-30 16:50:20,10.77,0,,Fortuner,,female,164,131.2,53.5
1195516,,,2016-01-30 16:56:11,2016-01-30 17:27:02,17.82,0,,Fortuner,,female,369,124.4,31.7
1195514,,,2016-01-30 16:45:07,2016-01-30 17:40:33,12.4,0,,Prado,,N/A,664,98.0,13.7
1195508,,,2016-01-30 16:24:49,2016-01-30 16:54:29,26.51,0,,Azeera,,female,369,644.6,42.1
1195506,,,2016-01-30 16:06:39,2016-01-30 16:49:49,10.21,0,,Fortuner,,N/A,537,186.8,7.5
1195495,,,2016-01-30 16:10:39,2016-01-30 16:34:09,11.57,0,,Fortuner,,female,302,148.4,17.7
1195493,,,2016-01-30 16:03:05,2016-01-30 16:36:55,26.34,0,,Sportage (KIA),,female,425,121.3,46.8
1195489,,,2016-01-30 15:43:39,2016-01-30 16:56:04,21.52,0,,Fortuner,,female,888,81.6,17.8
1195487,,,2016-01-30 15:23:23,2016-01-30 16:03:49,19.53,0,,Fortuner,,N/A,462,131.7,18.6
1195486,,,2016-01-30 15:47:59,2016-01-30 16:18:02,11.92,0,,Camry,,female,360,152.7,22.7
1195482,,,2016-01-30 15:56:12,2016-01-30 16:21:48,26.71,0,,Explorer,,female,306,145.4,61.4
1195481,,,2016-01-30 15:25:44,2016-01-30 15:40:05,9.34,0,,LEXUS,,N/A,148,86.4,31.2
1195480,,,2016-01-30 15:23:36,2016-01-30 15:51:38,15.59,0,,Prado,,N/A,315,138.0,34.0
1195475,,,2016-01-30 15:22:06,2016-01-30 15:49:01,22.38,0,,Lexus,,female,202,147.4,24.7
1195462,,,2016-01-30 15:12:42,2016-01-30 16:01:13,13.57,0,,Altima,,female,598,128.9,8.4
1195458,,,2016-01-30 15:11:30,2016-01-30 15:48:46,27.66,0,,Expedition,,female,425,146.6,41.3
1195438,,,2016-01-30 14:33:07,2016-01-30 14:41:48,5.0,0,,Prado,,female,123,112.1,34.9
1195435,,,2016-01-30 14:28:34,2016-01-30 14:44:29,8.83,0,,Innova,,female,190,110.9,32.4
1195431,,,2016-01-30 14:16:22,2016-01-30 14:30:03,4.0,0,,Innova,,female,143,78.8,17.7
1195427,,,2016-01-30 14:06:37,2016-01-30 15:03:03,13.2,0,,Elentra,,N/A,655,82.6,14.0
1195424,,,2016-01-30 14:07:30,2016-01-30 14:38:49,18.72,0,,Prado,,N/A,375,147.3,33.6
1195423,,,2016-01-30 14:17:45,2016-01-30 15:11:05,13.45,0,,Sonata,,female,639,101.5,15.1
1195422,,,2016-01-30 14:05:11,2016-01-30 14:37:17,8.49,0,,Fortuner,,female,404,65.2,16.0
1195410,,,2016-01-30 13:44:56,2016-01-30 14:01:07,18.5,0,,Fortuner ,,female,200,124.7,49.8
1195406,,,2016-01-30 14:07:04,2016-01-30 14:24:49,11.82,0,,Innova,,N/A,187,130.0,21.2
1195403,,,2016-01-30 13:38:28,2016-01-30 14:08:35,6.35,0,,Innova,,female,340,108.2,12.7
1195401,,,2016-01-30 14:08:15,2016-01-30 14:30:41,15.91,0,,Fortuner,,female,268,153.3,41.3
1195397,,,2016-01-30 13:26:25,2016-01-30 13:43:28,11.25,0,,Taurus,,female,203,103.1,39.6
1195389,,,2016-01-30 13:12:36,2016-01-30 13:21:58,1.96,0,,Innova,,female,109,110.6,12.5
1195386,,,2016-01-30 13:09:16,2016-01-30 13:15:33,0.6,0,,Tausan,,female,54,25.0,5.9
1195383,,,2016-01-30 12:43:40,2016-01-30 12:53:47,9.07,0,,Fortuner,,female,120,98.3,54.1
1195370,,,2016-01-30 12:09:10,2016-01-30 12:19:41,7.83,0,,Innova,,female,125,90.0,43.6
1195367,,,2016-01-30 12:17:47,2016-01-30 13:58:51,57.19,0,,Altima,,N/A,1212,159.7,20.3
1195350,,,2016-01-30 11:51:09,2016-01-30 13:06:47,37.59,0,,santafe,,female,908,150.0,27.9
1195349,,,2016-01-30 11:42:25,2016-01-30 12:04:41,22.97,0,,Tausan,,N/A,266,156.8,60.1
1195338,,,2016-01-30 10:31:54,2016-01-30 10:45:07,12.57,0,,Fortuner,,female,137,119.9,20.7
1195337,,,2016-01-30 10:33:44,2016-01-30 11:26:39,28.1,0,,FORTUNER,,N/A,614,125.8,31.8
1195326,,,2016-01-30 10:07:35,2016-01-30 10:35:07,19.38,0,,santafe,,female,309,118.2,41.4
1195321,,,2016-01-30 09:22:30,2016-01-30 09:37:29,20.43,0,,Fortuner,,female,165,124.0,64.7
1195316,,,2016-01-30 10:50:47,2016-01-30 11:35:20,27.75,0,,Fortuner,,female,533,147.5,35.8
1195300,,,2016-01-30 08:12:16,2016-01-30 08:27:28,17.93,0,,Fortuner,,male,166,102.2,37.1
1195297,,,2016-01-30 08:00:41,2016-01-30 08:12:09,3.36,0,,Prado,,female,116,134.2,19.1
1195295,,,2016-01-30 07:46:57,2016-01-30 08:22:20,38.45,0,,Innova,,N/A,447,155.5,36.4
1195285,,,2016-01-30 06:48:43,2016-01-30 07:07:04,27.93,0,,Innova,,N/A,197,119.9,80.3
1195277,,,2016-01-30 06:17:06,2016-01-30 06:32:53,9.27,0,,Fortuner,,female,169,97.6,35.4
1195270,,,2016-01-30 06:13:54,2016-01-30 06:58:38,44.55,0,,Innova,,female,537,146.1,58.2
1195258,,,2016-01-30 06:32:20,2016-01-30 06:52:17,10.59,0,,Altima,,female,258,117.0,20.4
1195252,,,2016-01-30 06:08:38,2016-01-30 07:07:09,22.88,0,,2014,,female,681,118.2,23.5
1195253,,,2016-01-30 05:51:18,2016-01-30 06:09:58,17.45,0,,Innova,,male,221,129.2,44.9
1195249,,,2016-01-30 05:58:34,2016-01-30 06:03:44,3.13,0,,Expedition,,male,61,77.4,36.7
1195242,,,2016-01-30 05:09:08,2016-01-30 05:46:37,31.08,0,,Innova,,female,429,145.1,49.5
1195230,,,2016-01-30 04:48:32,2016-01-30 05:04:57,27.1,0,,Innova,,female,170,157.6,60.8
1195226,,,2016-01-30 04:32:25,2016-01-30 05:01:13,14.86,0,,Lexus,,female,366,129.5,30.9
1195213,,,2016-01-30 03:04:54,2016-01-30 03:27:12,34.43,0,,Sonta,,female,244,120.5,66.3
1195212,,,2016-01-30 03:15:22,2016-01-30 03:40:39,32.98,0,,Innova,,female,255,121.0,61.9
1195200,,,2016-01-30 01:32:28,2016-01-30 01:52:18,29.23,0,,Sonta,,female,238,116.8,55.9
1195197,,,2016-01-30 01:37:41,2016-01-30 02:21:56,46.58,0,,Taures,,N/A,484,131.3,46.5
1195196,,,2016-01-30 01:35:20,2016-01-30 01:57:59,9.99,0,,Lexus,,female,271,79.7,26.7
1195190,,,2016-01-30 01:07:01,2016-01-30 01:48:49,26.41,0,,Camry,,female,501,134.8,38.1
1195189,,,2016-01-30 01:27:12,2016-01-30 01:56:00,29.48,0,,Elentra,,female,314,110.8,61.3
1195182,,,2016-01-30 00:40:36,2016-01-30 00:52:18,5.95,0,,Sonta,,female,109,73.7,26.9
1195181,,,2016-01-30 00:44:13,2016-01-30 01:32:27,55.22,0,,250 IS Lexus ,,female,523,133.5,51.6
1195180,,,2016-01-30 00:56:06,2016-01-30 01:24:13,23.31,0,,Camry,,female,312,110.4,45.3
1195176,,,2016-01-30 00:18:17,2016-01-30 00:52:07,49.03,0,,Elentra,,female,357,138.9,44.6
1195172,,,2016-01-30 00:30:36,2016-01-30 00:53:03,20.01,0,,Taures,,male,225,96.8,42.3
1195173,,,2016-01-30 00:23:08,2016-01-30 00:40:28,130.65,0,,Fortuner ,,N/A,168,130.6,68.5
1195164,,,2016-01-29 23:56:48,2016-01-30 00:21:27,23.02,0,,Innova,,female,256,139.7,25.1
1195163,,,2016-01-30 00:08:53,2016-01-30 00:50:53,34.31,0,,camry,,female,503,126.0,48.9
1195162,,,2016-01-30 00:02:05,2016-01-30 00:22:42,33.54,0,,Camry,,female,225,131.6,58.4
1195160,,,2016-01-29 23:49:17,2016-01-30 00:49:05,43.18,0,,TAHOE,,female,737,149.3,42.6
1195158,,,2016-01-29 23:46:09,2016-01-29 23:58:53,25.06,0,,Elentra,,N/A,155,141.3,80.5
1195155,,,2016-01-29 23:44:31,2016-01-30 00:42:44,37.91,0,,Prado,,N/A,640,132.9,37.4
1195153,,,2016-01-29 23:52:07,2016-01-30 00:22:01,22.4,0,,Elentra,,male,323,110.1,44.2
1195152,,,2016-01-29 23:30:07,2016-01-30 00:21:08,49.69,0,,Sonta,,N/A,548,122.8,44.4
1195146,,,2016-01-29 23:28:44,2016-01-30 00:51:25,102.54,0,,Fortuner,,male,961,154.7,70.6
1195137,,,2016-01-29 22:43:20,2016-01-29 23:12:08,19.78,0,,TAHOE,,female,345,101.2,40.6
1195136,,,2016-01-29 22:57:11,2016-01-29 23:43:00,61.34,0,,Elentra,,male,498,146.1,79.1
1195135,,,2016-01-29 22:49:12,2016-01-29 23:07:35,19.39,0,,Cadillac,,female,217,121.0,59.2
1195133,,,2016-01-29 22:57:11,2016-01-29 23:20:12,17.72,0,,Taures,,female,233,93.1,37.0
1195132,,,2016-01-29 22:52:00,2016-01-29 23:37:32,58.6,0,,Innova,,female,545,140.4,75.3
1195128,,,2016-01-29 22:22:21,2016-01-29 22:43:43,24.4,0,,Sonata,,female,238,134.2,50.0
1195124,,,2016-01-29 22:21:26,2016-01-29 22:41:32,18.23,0,,CAMARE,,female,198,93.6,43.0
1195122,,,2016-01-29 22:13:30,2016-01-29 22:39:01,33.77,0,,Sonta,,female,264,104.3,49.4
1195118,,,2016-01-29 22:12:27,2016-01-29 22:43:01,33.26,0,,Lexus,,female,327,119.9,54.3
1195115,,,2016-01-29 22:08:26,2016-01-29 22:41:38,66.49,0,,COROLLA,,N/A,358,112.9,46.0
1195113,,,2016-01-29 22:28:01,2016-01-29 23:08:37,205.26,0,,Fortuner ,,female,436,143.4,63.9
1195101,,,2016-01-29 21:58:58,2016-01-29 22:39:42,30.94,0,,Prado,,female,487,159.7,43.6
1195097,,,2016-01-29 22:09:50,2016-01-29 22:43:19,44.99,0,,Fortuner,,female,379,124.3,51.6
1195096,,,2016-01-29 21:48:35,2016-01-29 22:23:40,47.68,0,,Camry,,female,380,143.8,44.3
1195095,,,2016-01-29 21:47:01,2016-01-29 22:00:31,5.29,0,,Sportage (KIA),,N/A,144,85.4,23.6
1195093,,,2016-01-29 22:23:53,2016-01-29 22:40:54,0.53,0,,Prado,,female,184,34.2,1.9
1195091,,,2016-01-29 21:46:08,2016-01-29 22:39:12,49.35,0,,Camry,,female,561,101.7,35.4
1195090a,,,2016-01-29 21:45:29,2016-01-29 22:18:04.380325,21.6142906837019,0,,Elentra,,female,356,94.2,39.7
1195090b,,,2016-01-29 23:07:33.253550,2016-01-29 23:16:00,7.497659161607486,0,,Elentra,,female,91,100.8,53.8
1195088,,,2016-01-29 21:26:02,2016-01-29 22:37:37,46.92,0,,Fortuner,,N/A,770,109.3,27.3
1195082,,,2016-01-29 21:30:08,2016-01-29 21:42:49,11.95,0,,Prado,,female,171,159.1,52.1
1195077,,,2016-01-29 21:23:07,2016-01-29 21:23:16,0.95,0,,Camry,,female,12,151.3,102.7
1195076,,,2016-01-29 21:11:38,2016-01-29 21:17:11,1.86,0,,Elentra,,female,60,51.8,16.2
1195073,,,2016-01-29 21:17:31,2016-01-29 21:38:03,23.81,0,,Taures,,N/A,224,119.3,52.9
1195072,,,2016-01-29 21:06:41,2016-01-29 21:11:00,0.0,0,,SONATA,,female,63,117.0,52.5
1195071,,,2016-01-29 20:59:47,2016-01-29 21:11:25,8.84,0,,Fortuner,,N/A,116,67.9,26.9
1195463,,,2016-01-30 15:18:14,2016-01-30 15:43:02,18.01,0,,Innova,,female,297,140.1,42.8
1195134,,,2016-01-29 22:54:48,2016-01-29 23:10:04,33.06,0,,Camry,,female,181,139.9,70.8
1195574,,,2016-01-30 18:00:28,2016-01-30 19:13:17,71.95,0,,Taures,,male,853,159.4,58.4
1195372,,,2016-01-30 12:18:54,2016-01-30 12:38:15,26.01,0,,Prado,,female,212,144.2,81.5
1195457,,,2016-01-30 15:01:47,2016-01-30 16:10:19,26.96,0,,Innova,,female,715,103.1,23.0
1195511,,,2016-01-30 16:34:05,2016-01-30 17:03:39,21.46,0,,Innova,,female,334,137.5,39.6
1195415,,,2016-01-30 13:56:43,2016-01-30 14:14:40,5.75,0,,Innova,,female,194,70.9,19.3
1195377,,,2016-01-30 12:31:51,2016-01-30 12:48:55,5.33,0,,Tahoe,,female,204,80.1,18.8
1195087,,,2016-01-29 21:35:25,2016-01-29 21:50:49,3.09,0,,camry,,female,151,57.0,9.8
1195476,,,2016-01-30 15:32:42,2016-01-30 17:10:38,37.02,0,,Pathfinder ,,N/A,1194,159.9,20.9
1195613,,,2016-01-30 19:27:35,2016-01-30 20:15:21,14.95,0,,Sportage (KIA),,female,572,88.6,18.9
1195542,,,2016-01-30 17:14:39,2016-01-30 17:27:28,12.4,0,,Fortuner,,male,152,107.4,55.4
1195157,,,2016-01-29 23:46:57,2016-01-30 00:01:13,15.24,0,,Taures,,female,156,134.1,51.1
1195503,,,2016-01-30 16:16:34,2016-01-30 16:26:23,9.25,0,,Fortuner ,,female,113,109.7,54.9
1195557,,,2016-01-30 17:40:52,2016-01-30 17:55:45,5.92,0,,camry,,female,179,95.4,23.8
1195529a,,,2016-01-30 17:36:57.513333,2016-01-30 18:20:27.066667,10.442190725491661,0,,LEXUS,,female,200,45.4,14.3
1195529b,,,2016-01-30 19:00:13.693333,2016-01-30 19:44:48.813333,4.035047951317063,0,,LEXUS,,female,205,33.8,5.4
1195529c,,,2016-01-30 21:13:59.053333,2016-01-30 21:30:09.440000,2.766596913555351,0,,LEXUS,,female,75,24.1,10.1
1195529d,,,2016-01-30 22:23:15.980000,2016-01-30 22:25:14,0.2828818706476306,0,,LEXUS,,female,8,17.0,9.7
1195470,,,2016-01-30 15:40:31,2016-01-30 16:13:37,23.02,0,,Fortuner,,female,416,141.5,35.6
1195399,,,2016-01-30 13:32:36,2016-01-30 13:52:34,9.61,0,,Elentra,,N/A,239,133.4,28.6
1195280,,,2016-01-30 06:27:42,2016-01-30 06:47:27,19.94,0,,Expedition,,female,216,112.3,57.6
1195269,,,2016-01-30 06:25:30,2016-01-30 06:44:36,16.43,0,,FORTUNER,,female,248,97.9,48.5
1195169,,,2016-01-30 00:15:34,2016-01-30 00:54:19,46.87,0,,Innova,,female,464,154.9,70.9
1195029,,,2016-01-29 19:59:21,2016-01-29 20:38:28,154.42,0,,Yukon,,N/A,418,121.2,48.4
1194977,,,2016-01-29 18:55:49,2016-01-29 19:17:06,14.38,0,,Yukon,,male,246,109.0,29.6
1194942,,,2016-01-29 18:00:58,2016-01-29 18:13:45,15.36,0,,Yukon,,N/A,135,148.8,43.7
1194938,,,2016-01-29 17:52:35,2016-01-29 18:14:37,24.8,0,,Yukon,,male,238,151.2,49.8
1194905,,,2016-01-29 16:58:40,2016-01-29 17:28:58,36.4,0,,Yukon,,male,342,126.5,49.8
1194863,,,2016-01-29 15:48:54,2016-01-29 17:08:56,37.05,0,,Yukon,,female,882,150.6,20.8
1194831,,,2016-01-29 15:11:33,2016-01-29 15:24:47,12.98,0,,Taurus,,male,148,111.6,46.3
1194758,,,2016-01-29 12:45:47,2016-01-29 13:27:33,14.64,0,,Taurus,,N/A,497,92.4,19.6
1194722a,,,2016-01-29 11:14:11,2016-01-29 13:15:45.331337,17.04024845343693,0,,Yukon,,male,816,78.2,8.4
1194722b,,,2016-01-29 14:06:46.265469,2016-01-29 14:58:23,2.338815663435978,0,,Yukon,,male,345,31.7,2.7
1194692,,,2016-01-29 10:08:27,2016-01-29 10:32:58,18.8,0,,Taurus,,female,294,113.6,45.5
1194668,,,2016-01-29 06:16:14,2016-01-29 07:17:30,53.52,0,,Taurus,,female,690,144.7,45.1
1194642,,,2016-01-29 02:40:34,2016-01-29 02:53:12,11.15,0,,Yukon,,female,150,116.9,54.8
1194638,,,2016-01-29 01:54:40,2016-01-29 02:09:07,9.56,0,,Yukon,,female,176,130.3,39.9
1194622,,,2016-01-29 01:49:15,2016-01-29 02:02:38,17.7,0,,Yukon,,male,159,331.6,73.6
1194595,,,2016-01-29 00:38:52,2016-01-29 01:06:25,38.47,0,,Yukon,,female,329,148.2,81.6
1194543,,,2016-01-28 21:54:41,2016-01-28 22:22:52,17.92,0,,Yukon,,female,337,143.0,38.8
1195069,,,2016-01-29 21:01:02,2016-01-29 21:41:18,40.89,0,,Sonata,,N/A,441,120.5,34.3
1195065,,,2016-01-29 20:55:35,2016-01-29 21:12:59,10.99,0,,Innova,,female,170,103.6,38.1
1195062,,,2016-01-29 20:42:54,2016-01-29 21:29:21,24.2,0,,COROLLA,,N/A,495,97.2,30.9
1195059,,,2016-01-29 20:52:14,2016-01-29 21:15:11,17.05,0,,Santafe,,female,252,109.9,43.7
1195056,,,2016-01-29 20:35:26,2016-01-29 20:53:55,7.46,0,,Camry,,female,217,67.5,19.1
1195055,,,2016-01-29 20:44:24,2016-01-29 20:58:49,17.05,0,,Fortuner,,female,155,107.9,53.1
1195052,,,2016-01-29 20:45:19,2016-01-29 22:27:12,72.4,0,,Prado,,male,1108,121.2,31.8
1195051,,,2016-01-29 20:43:26,2016-01-29 21:15:30,13.85,0,,LEXUS,,female,377,139.0,26.0
1195045a,,,2016-01-29 22:06:06.389740,2016-01-29 23:13:32.865423,12.42065370805755,0,,Impala,,N/A,341,43.4,11.0
1195045b,,,2016-01-30 00:10:28.566955,2016-01-30 01:26:03,2.8203218692970484,0,,Impala,,N/A,380,31.7,2.2
1195042,,,2016-01-29 20:41:57,2016-01-29 20:59:46,11.95,0,,Elentra,,female,179,86.2,39.1
1195038,,,2016-01-29 20:19:44,2016-01-29 20:38:55,16.13,0,,Fortuner,,female,209,84.7,37.6
1195040,,,2016-01-29 20:27:05,2016-01-29 20:54:19,27.57,0,,Fortuner ,,female,272,120.6,36.2
1195039,,,2016-01-29 20:20:49,2016-01-29 20:28:02,2.76,0,,Taurus,,female,60,60.4,18.1
1195034,,,2016-01-29 20:13:50,2016-01-29 20:30:06,24.62,0,,Camry,,female,172,118.8,56.6
1195030,,,2016-01-29 20:13:30,2016-01-29 20:33:07,17.5,0,,Innova,,N/A,211,105.4,43.3
1195018,,,2016-01-29 19:49:52,2016-01-29 20:48:55,19.52,0,,Innova,,female,688,129.7,20.2
1195017,,,2016-01-29 19:50:32,2016-01-29 20:14:42,20.27,0,,2015,,male,244,101.1,37.4
1195021,,,2016-01-29 19:54:21,2016-01-29 20:58:36,22.66,0,,Sportage (KIA),,female,715,82.1,17.6
1195007,,,2016-01-29 19:41:01,2016-01-29 20:06:31,47.05,0,,Cadillac,,female,272,111.0,47.0
1195006,,,2016-01-29 19:32:34,2016-01-29 19:43:53,1.31,0,,Innova,,female,103,45.1,7.0
1195002,,,2016-01-29 19:36:10,2016-01-29 20:11:33,17.23,0,,Prado,,female,385,89.5,20.6
1194999a,,,2016-01-29 19:18:02,2016-01-29 19:29:40.133333,3.688083006581752,0,,Fortuner,,female,103,131.2,18.3
1194999b,,,2016-01-29 20:11:35.466667,2016-01-29 20:50:26,36.782534915243744,0,,Fortuner,,female,485,156.9,35.2
1194998,,,2016-01-29 19:21:07,2016-01-29 19:48:39,32.19,0,,camry,,male,297,138.5,51.1
1194997,,,2016-01-29 19:28:32,2016-01-29 21:18:44,49.96,0,,Fortuner,,female,979,111.7,20.6
1194996,,,2016-01-29 19:19:09,2016-01-29 19:47:54,21.37,0,,LEXUS,,female,323,124.3,42.6
1194993,,,2016-01-29 19:09:34,2016-01-29 19:54:42,19.16,0,,Tahoe,,female,489,94.6,22.3
1194990,,,2016-01-29 18:57:30,2016-01-29 19:10:16,11.38,0,,Sonata,,female,142,105.4,44.8
1194991,,,2016-01-29 19:13:39,2016-01-29 19:29:27,4.64,0,,Taures,,female,174,72.3,17.1
1194986,,,2016-01-29 18:51:58,2016-01-29 19:09:15,14.76,0,,Innova,,female,187,104.4,51.1
1194984,,,2016-01-29 18:57:36,2016-01-29 19:34:54,34.43,0,,Sportage (KIA),,female,385,108.9,54.0
1194980,,,2016-01-29 19:00:02,2016-01-29 19:35:03,22.7,0,,Fortuner,,female,378,95.5,34.4
1194976,,,2016-01-29 18:53:41,2016-01-29 19:22:14,22.49,0,,Fortuner ,,female,305,107.4,34.3
1194966,,,2016-01-29 18:38:16,2016-01-29 19:07:47,92.74,0,,Cadillac,,female,285,110.8,65.2
1194964,,,2016-01-29 18:40:59,2016-01-29 20:00:00,97.64,0,,Fortuner,,female,868,114.0,31.9
1194960,,,2016-01-29 18:23:10,2016-01-29 18:28:20,1.55,0,,Sonata,,female,55,59.5,18.2
1194959,,,2016-01-29 18:34:45,2016-01-29 19:07:29,42.76,0,,CAMARE,,female,334,157.0,58.9
1194958,,,2016-01-29 18:39:36,2016-01-29 19:20:58,16.18,0,,Elentra,,female,426,95.8,22.6
1194956,,,2016-01-29 18:32:56,2016-01-29 18:38:14,1.63,0,,camry,,female,56,64.1,18.7
1194951,,,2016-01-29 18:30:13,2016-01-29 20:02:02,63.6,0,,250 IS Lexus ,,female,984,155.4,24.8
1194946,,,2016-01-29 18:06:36,2016-01-29 20:05:33,52.25,0,,Elentra,,female,1304,107.3,19.8
1194944,,,2016-01-29 17:55:35,2016-01-29 18:08:52,12.74,0,,Sonta,,female,143,108.9,44.8
1194943,,,2016-01-29 18:12:34,2016-01-29 19:24:13,50.41,0,,Lexus ES,,N/A,777,115.6,15.5
1194941,,,2016-01-29 17:51:02,2016-01-29 18:26:18,4.36,0,,Sonata,,female,382,59.4,6.8
1194937,,,2016-01-29 17:58:48,2016-01-29 17:59:29,1.27,0,,Fortuner,,N/A,14,140.7,98.2
1194939,,,2016-01-29 17:44:07,2016-01-29 18:02:53,19.42,0,,2015,,female,222,121.2,49.4
1194936,,,2016-01-29 18:11:12,2016-01-29 20:57:24,111.24,0,,Lexus,,female,1505,106.5,14.9
1194933,,,2016-01-29 17:53:14,2016-01-29 18:13:18,13.47,0,,EXPEDITION,,male,259,130.9,39.1
1194927,,,2016-01-29 17:36:37,2016-01-29 17:54:16,12.23,0,,Sonata,,female,192,128.9,36.8
1194924,,,2016-01-29 17:27:37,2016-01-29 17:35:41,4.91,0,,Innova,,female,106,85.7,36.8
1194914,,,2016-01-29 17:11:44,2016-01-29 18:01:05,39.73,0,,Expedition,,female,535,115.0,39.2
1194907,,,2016-01-29 17:13:22,2016-01-29 18:09:56,28.86,0,,SONATA,,female,656,148.1,29.0
1194906,,,2016-01-29 16:51:54,2016-01-29 16:52:01,0.28,0,,COROLLA,,female,14,160.0,81.7
1194902,,,2016-01-29 17:08:22,2016-01-29 17:42:41,31.87,0,,camry,,male,371,133.6,50.3
1194895,,,2016-01-29 16:19:30,2016-01-29 16:29:24,6.54,0,,Fortuner ,,female,106,85.9,34.4
1194894,,,2016-01-29 16:25:05,2016-01-29 16:35:32,10.25,0,,prado,,female,103,86.3,38.5
1194893,,,2016-01-29 16:48:26,2016-01-29 17:28:43,23.06,0,,Sonata,,male,440,100.7,31.8
1194888,,,2016-01-29 16:18:45,2016-01-29 16:46:08,14.56,0,,Elentra,,female,295,90.6,25.6
1194886,,,2016-01-29 16:38:28,2016-01-29 17:08:26,30.26,0,,santafe,,female,359,159.4,58.3
1194884,,,2016-01-29 16:00:08,2016-01-29 16:36:55,63.16,0,,Expedition,,female,392,117.5,47.0
1194878,,,2016-01-29 15:50:20,2016-01-29 16:09:57,8.65,0,,LEXUS,,female,226,110.4,26.7
1194875,,,2016-01-29 16:08:11,2016-01-29 16:50:02,29.98,0,,Fortuner,,female,454,93.2,30.5
1194861,,,2016-01-29 15:40:48,2016-01-29 16:06:55,39.63,0,,Fortuner,,female,284,99.5,53.7
1194856,,,2016-01-29 15:32:42,2016-01-29 16:37:53,22.97,0,,Tahoe,,female,765,113.1,20.8
1194853,,,2016-01-29 15:33:51,2016-01-29 15:50:59,16.19,0,,Sonata,,N/A,202,119.8,52.9
1194849,,,2016-01-29 15:35:26,2016-01-29 16:06:12,7.96,0,,Innova,,female,324,93.7,14.7
1194843,,,2016-01-29 15:56:29,2016-01-29 16:09:43,11.81,0,,Fortuner,,N/A,141,95.5,42.5
1194840,,,2016-01-29 15:30:58,2016-01-29 16:29:04,15.83,0,,Elentra,,N/A,638,89.3,15.2
1194839,,,2016-01-29 15:14:18,2016-01-29 15:47:10,47.79,0,,Expedition,,female,354,97.1,42.4
1194833,,,2016-01-29 15:06:22,2016-01-29 15:38:06,30.39,0,,Fortuner,,N/A,321,112.1,57.6
1194832,,,2016-01-29 15:04:05,2016-01-29 15:22:33,24.69,0,,Sonta,,female,199,112.2,42.7
1194834,,,2016-01-29 15:22:14,2016-01-29 15:54:03,27.74,0,,Fortuner ,,female,362,125.5,36.2
1194828,,,2016-01-29 17:20:50,2016-01-29 17:40:59,15.0,0,,Impala,,female,235,99.0,38.6
1194829,,,2016-01-29 14:43:03,2016-01-29 16:10:24,24.95,0,,Sonata,,female,1026,153.4,17.0
1194826,,,2016-01-29 15:10:21,2016-01-29 16:58:41,97.36,0,,Taurus,,N/A,1154,124.6,33.2
1194825,,,2016-01-29 15:03:13,2016-01-29 15:37:26,40.64,0,,Fortuner,,female,395,130.6,35.7
1194820,,,2016-01-29 14:44:55,2016-01-29 15:36:42,23.82,0,,LEXUS,,female,581,108.7,26.2
1194818,,,2016-01-29 14:25:24,2016-01-29 14:27:53,1.66,0,,Taurus,,female,43,86.5,29.7
1194817,,,2016-01-29 14:33:26,2016-01-29 14:50:57,10.47,0,,Prado,,female,209,108.0,35.9
1194816,,,2016-01-29 14:31:14,2016-01-29 14:39:28,6.45,0,,Fortuner,,female,87,89.5,43.7
1194809,,,2016-01-29 14:03:11,2016-01-29 15:20:13,27.41,0,,Azeera,,female,845,130.8,15.3
1194808,,,2016-01-29 14:05:59,2016-01-29 14:23:02,5.4,0,,Innova,,female,183,113.9,18.9
1194805,,,2016-01-29 14:20:29,2016-01-29 15:00:56,24.53,0,,Tahoe,,female,455,112.3,36.1
1194799,,,2016-01-29 13:59:39,2016-01-29 14:04:23,2.95,0,,Fortuner,,male,50,67.4,30.2
1194798,,,2016-01-29 13:58:04,2016-01-29 14:34:44,7.04,0,,Sonata,,female,419,53.0,11.6
1194796,,,2016-01-29 13:51:31,2016-01-29 14:06:43,5.28,0,,Innova,,female,147,74.0,19.9
1194795,,,2016-01-29 13:51:57,2016-01-29 13:56:22,1.43,0,,Fortuner ,,N/A,47,58.7,19.4
1194792,,,2016-01-29 13:52:49,2016-01-29 14:22:57,8.6,0,,Lexus,,male,328,78.0,14.0
1194786,,,2016-01-29 13:48:26,2016-01-29 14:09:27,9.26,0,,Fortuner,,male,219,82.7,17.3
1194782,,,2016-01-29 13:17:14,2016-01-29 13:18:27,0.52,0,,Fortuner,,N/A,9,91.5,25.0
1194783,,,2016-01-29 16:35:02,2016-01-29 17:02:34,13.27,0,,Fortuner,,N/A,292,92.9,28.1
1194781,,,2016-01-29 13:27:02,2016-01-29 13:49:02,17.54,0,,Elentra,,male,260,118.7,46.5
1194779,,,2016-01-29 13:37:02,2016-01-29 13:55:30,5.31,0,,Camry,,female,201,106.0,17.4
1194772,,,2016-01-29 13:06:35,2016-01-29 13:34:50,13.65,0,,Innova,,female,286,89.3,28.2
1194768,,,2016-01-29 13:01:42,2016-01-29 13:11:42,5.68,0,,Fortuner ,,female,108,84.5,31.7
1194762,,,2016-01-29 12:26:01,2016-01-29 12:26:16,0.0,0,,Innova,,male,1,0.0,0.0
1194761,,,2016-01-29 12:22:21,2016-01-29 12:22:45,0.0,0,,Innova,,male,2,11.2,7.6
1194759,,,2016-01-29 12:18:53,2016-01-29 12:43:59,19.69,0,,Lexus,,N/A,277,108.1,33.9
1194757,,,2016-01-29 13:03:54,2016-01-29 13:15:35,34.75,0,,Fortuner,,male,124,96.4,31.0
1194756,,,2016-01-29 12:34:24,2016-01-29 12:49:23,14.01,0,,Tausan,,female,178,136.1,55.7
1194754,,,2016-01-29 12:10:04,2016-01-29 12:19:21,7.87,0,,Fortuner,,female,102,90.2,51.3
1194740,,,2016-01-29 11:53:01,2016-01-29 12:21:58,24.58,0,,Innova,,N/A,347,118.7,50.9
1194737,,,2016-01-29 11:28:18,2016-01-29 11:59:24,17.65,0,,Fortuner,,female,373,151.3,17.2
1194728,,,2016-01-29 11:26:03,2016-01-29 11:56:50,21.02,0,,Innova,,female,368,146.4,39.2
1194726,,,2016-01-29 11:22:01,2016-01-29 11:39:50,11.99,0,,Azeera,,female,209,831.5,26.5
1194724,,,2016-01-29 11:30:14,2016-01-29 11:45:40,13.84,0,,Expedition,,female,184,133.1,48.0
1194718,,,2016-01-29 11:17:14,2016-01-29 11:29:50,11.57,0,,Innova,,female,150,109.5,55.2
1194716,,,2016-01-29 11:05:56,2016-01-29 11:21:36,11.58,0,,Fortuner,,female,169,153.9,27.5
1194706,,,2016-01-29 11:02:17,2016-01-29 11:45:34,38.12,0,,Innova,,N/A,518,157.4,51.4
1194696,,,2016-01-29 10:41:36,2016-01-29 11:08:09,22.82,0,,FORTUNER,,female,337,136.8,49.6
1194681,,,2016-01-29 08:51:39,2016-01-29 09:18:36,9.38,0,,Fortuner,,female,232,71.8,19.6
1194680,,,2016-01-29 08:41:25,2016-01-29 09:10:44,5.73,0,,Tausan,,female,371,57.5,11.7
1194671,,,2016-01-29 06:56:35,2016-01-29 07:18:27,17.0,0,,Fortuner,,female,242,124.7,29.5
1194667,,,2016-01-29 06:00:38,2016-01-29 06:40:16,27.31,0,,Fortuner,,female,482,460.3,35.9
1194656,,,2016-01-29 04:59:29,2016-01-29 05:41:32,25.61,0,,Innova,,female,484,147.5,36.4
1194651,,,2016-01-29 04:24:23,2016-01-29 04:41:44,14.66,0,,Fortuner,,female,188,150.6,37.0
1194644,,,2016-01-29 02:59:06,2016-01-29 03:17:07,15.32,0,,Innova,,female,215,114.5,48.1
1194633,,,2016-01-29 02:07:19,2016-01-29 02:29:15,26.51,0,,Taurus,,female,283,146.3,68.1
1194617,,,2016-01-29 01:29:09,2016-01-29 01:59:03,28.16,0,,camry,,female,329,113.8,54.5
1194614,,,2016-01-29 01:19:29,2016-01-29 01:40:13,14.58,0,,Camry,,female,380,138.6,27.0
1194610,,,2016-01-29 00:41:20,2016-01-29 01:03:49,9.53,0,,Lexus,,female,249,151.2,25.6
1194605a,,,2016-01-29 00:49:53,2016-01-29 01:15:18.303483,38.098861531485994,0,,Taures,,female,287,159.3,90.9
1194605b,,,2016-01-29 02:09:58.956219,2016-01-29 02:13:39,3.159907859037694,0,,Taures,,female,62,75.7,36.7
1194594,,,2016-01-29 00:27:43,2016-01-29 00:46:26,16.77,0,,Camry,,male,240,149.8,51.2
1194588,,,2016-01-28 23:54:21,2016-01-29 00:30:19,28.88,0,,Lexus,,female,411,154.9,46.6
1194585,,,2016-01-28 23:42:45,2016-01-28 23:54:24,6.74,0,,Taures,,N/A,120,142.8,35.0
1194584,,,2016-01-28 23:42:21,2016-01-29 00:22:18,37.5,0,,TAHOE,,female,498,145.3,56.3
1194577,,,2016-01-28 23:09:57,2016-01-28 23:23:01,16.33,0,,Elentra,,female,175,134.0,73.0
1194576,,,2016-01-28 23:13:34,2016-01-28 23:26:44,13.14,0,,SONATA,,female,177,125.2,55.1
1194564,,,2016-01-28 23:00:32,2016-01-28 23:07:45,2.6,0,,Lexus,,female,66,134.3,19.2
1194554,,,2016-01-28 22:46:06,2016-01-28 23:14:55,30.88,0,,Taures,,N/A,363,157.0,60.1
1194549,,,2016-01-28 22:10:31,2016-01-28 22:30:37,18.05,0,,Taurus,,male,221,110.5,53.1
1194545,,,2016-01-28 22:00:33,2016-01-28 22:14:36,8.4,0,,Prado,,N/A,148,74.1,35.7
1194540,,,2016-01-28 21:43:52,2016-01-28 22:19:55,26.38,0,,TAHOE,,female,431,150.0,43.9
1194841,,,2016-01-29 15:19:21,2016-01-29 15:51:54,21.56,0,,Innova,,female,390,157.8,28.2
1194891,,,2016-01-29 16:13:44,2016-01-29 16:34:15,11.63,0,,Innova,,female,197,116.5,33.0
1194821,,,2016-01-29 14:35:27,2016-01-29 14:51:45,16.24,0,,Elentra,,female,180,105.4,45.3
1194892,,,2016-01-29 16:47:09,2016-01-29 17:32:43,39.94,0,,Lexus ES,,female,491,89.5,18.5
1194954,,,2016-01-29 18:29:14,2016-01-29 19:27:29,37.34,0,,Tuscan,,female,574,155.9,23.4
1194541,,,2016-01-28 21:37:26,2016-01-28 22:15:05,21.01,0,,Taures,,female,432,97.7,33.3
1194885,,,2016-01-29 16:09:07,2016-01-29 16:24:41,7.51,0,,Sportage (KIA),,female,167,90.7,28.6
1194876,,,2016-01-29 16:28:26,2016-01-29 16:42:42,12.84,0,,Accrode,,female,154,88.4,39.4
1194738,,,2016-01-29 11:56:26,2016-01-29 12:05:23,0.0,0,,Innova,,male,106,121.2,2.2
1194677,,,2016-01-29 07:56:51,2016-01-29 08:29:58,26.18,0,,Taurus,,female,396,141.7,47.1
